{
  "tokenPrice": 6.437051233572563e-10,
  "portfolioValue": 232.44823006997646,
  "profit": 30.511943069976468,
  "valuation": 643.7051233572563,
  "nasdaqPE": 31.096825,
  "adjustedPE": 21.096825,
  "muonPrice": 879.825,
  "tsmonPrice": 402.755,
  "googlonPrice": 352.1,
  "currentMuonValue": 134.155716,
  "currentTSMonValue": 51.25804973655407,
  "currentGOOGLonValue": 47.03446433342239
}