{
  "tokenPrice": 1.2046686634329354e-09,
  "portfolioValue": 256.77543951493857,
  "profit": 54.839152514938576,
  "valuation": 1204.6686634329353,
  "nasdaqPE": 31.96731,
  "adjustedPE": 21.96731,
  "muonPrice": 1000.913333,
  "tsmonPrice": 443.296667,
  "googlonPrice": 357.37,
  "currentMuonValue": 152.61926501584,
  "currentTSMonValue": 56.417729401583216,
  "currentGOOGLonValue": 47.73844509751537
}