{
  "tokenPrice": 1.1081003198559931e-09,
  "portfolioValue": 252.75408458159419,
  "profit": 50.81779758159419,
  "valuation": 1108.1003198559931,
  "nasdaqPE": 31.805359,
  "adjustedPE": 21.805359,
  "muonPrice": 976.522222,
  "tsmonPrice": 437.521429,
  "googlonPrice": 360.61,
  "currentMuonValue": 148.90010841056002,
  "currentTSMonValue": 55.682723165423674,
  "currentGOOGLonValue": 48.17125300561048
}