{
  "tokenPrice": 5.076385152025797e-10,
  "portfolioValue": 226.24532020946114,
  "profit": 24.30903320946115,
  "valuation": 507.63851520257964,
  "nasdaqPE": 30.882711,
  "adjustedPE": 20.882711,
  "muonPrice": 845.435,
  "tsmonPrice": 400.745,
  "googlonPrice": 346.835,
  "currentMuonValue": 128.9119288,
  "currentTSMonValue": 51.0022399266933,
  "currentGOOGLonValue": 46.33115148276784
}