{
  "tokenPrice": 5.622959927040424e-10,
  "portfolioValue": 228.40870599391673,
  "profit": 26.472418993916733,
  "valuation": 562.2959927040424,
  "nasdaqPE": 31.240824,
  "adjustedPE": 21.240824,
  "muonPrice": 848.246667,
  "tsmonPrice": 406.76,
  "googlonPrice": 354.09,
  "currentMuonValue": 129.34065178416,
  "currentTSMonValue": 51.76776032784381,
  "currentGOOGLonValue": 47.30029388191291
}