{
  "tokenPrice": 1.1043573481334443e-09,
  "portfolioValue": 252.58243082792066,
  "profit": 50.64614382792067,
  "valuation": 1104.3573481334442,
  "nasdaqPE": 31.805359,
  "adjustedPE": 21.805359,
  "muonPrice": 976.522222,
  "tsmonPrice": 437.521429,
  "googlonPrice": 359.325,
  "currentMuonValue": 148.90010841056002,
  "currentTSMonValue": 55.682723165423674,
  "currentGOOGLonValue": 47.99959925193695
}