{
  "tokenPrice": 1.4201230096752938e-09,
  "portfolioValue": 258.74120738701174,
  "profit": 56.80492038701175,
  "valuation": 1420.1230096752938,
  "muonPrice": 1009.6533845008353,
  "tsmonPrice": 426.80352821296043,
  "googlonPrice": 377.82282158092283,
  "currentMuonValue": 153.95194806868736,
  "currentTSMonValue": 54.318671343314634,
  "currentGOOGLonValue": 50.470587975009735
}