{
  "tokenPrice": 6.244516719930546e-10,
  "portfolioValue": 231.593987941039,
  "profit": 29.657700941038996,
  "valuation": 624.4516719930546,
  "nasdaqPE": 31.055296,
  "adjustedPE": 21.055296,
  "muonPrice": 872.026667,
  "tsmonPrice": 400.956667,
  "googlonPrice": 356.32,
  "currentMuonValue": 132.96662618416,
  "currentTSMonValue": 51.02917848143151,
  "currentGOOGLonValue": 47.598183275447504
}