{
  "tokenPrice": 8.735234667290516e-10,
  "portfolioValue": 242.59237564441727,
  "profit": 40.65608864441728,
  "valuation": 873.5234667290516,
  "nasdaqPE": 31.485674,
  "adjustedPE": 21.485674,
  "muonPrice": 939.08,
  "tsmonPrice": 415.289,
  "googlonPrice": 348.46,
  "currentMuonValue": 143.19091840000002,
  "currentTSMonValue": 52.85323389416346,
  "currentGOOGLonValue": 46.54822335025381
}