{
  "tokenPrice": 4.810808648061182e-10,
  "portfolioValue": 225.09438176471542,
  "profit": 23.15809476471543,
  "valuation": 481.08086480611814,
  "nasdaqPE": 30.773767,
  "adjustedPE": 20.773767,
  "muonPrice": 844.333178,
  "tsmonPrice": 394.255,
  "googlonPrice": 345.66,
  "currentMuonValue": 128.74392298144,
  "currentTSMonValue": 50.1762669585359,
  "currentGOOGLonValue": 46.17419182473952
}