{
  "tokenPrice": 1.8480270166931849e-09,
  "portfolioValue": 287.02147323153895,
  "profit": 85.08518623153896,
  "valuation": 1848.0270166931848,
  "nasdaqPE": 31.719727,
  "adjustedPE": 21.719727,
  "muonPrice": 1202.55,
  "tsmonPrice": 454.647059,
  "googlonPrice": 342.816667,
  "currentMuonValue": 183.364824,
  "currentTSMonValue": 57.86227747091913,
  "currentGOOGLonValue": 45.794371760619825
}