{
  "tokenPrice": 2.1004567868761234e-09,
  "portfolioValue": 293.49400711905685,
  "profit": 91.55772011905685,
  "valuation": 2100.4567868761233,
  "nasdaqPE": 32.94134,
  "adjustedPE": 22.941339999999997,
  "muonPrice": 1230.40625,
  "tsmonPrice": 467.39,
  "googlonPrice": 347.3325,
  "currentMuonValue": 187.612345,
  "currentTSMonValue": 59.48405324916638,
  "currentGOOGLonValue": 46.39760886989046
}