{
  "tokenPrice": 1.415660305792504e-09,
  "portfolioValue": 266.71397053745505,
  "profit": 64.77768353745506,
  "valuation": 1415.660305792504,
  "nasdaqPE": 31.854136,
  "adjustedPE": 21.854136,
  "muonPrice": 1081.94375,
  "tsmonPrice": 434.9625,
  "googlonPrice": 347.216667,
  "currentMuonValue": 164.974783,
  "currentTSMonValue": 55.357051951027046,
  "currentGOOGLonValue": 46.382135586428
}