{
  "tokenPrice": 1.0881241632326248e-09,
  "portfolioValue": 252.2872348563737,
  "profit": 50.35094785637369,
  "valuation": 1088.1241632326248,
  "nasdaqPE": 31.610798,
  "adjustedPE": 21.610798,
  "muonPrice": 986.753333,
  "tsmonPrice": 431.566667,
  "googlonPrice": 351.11,
  "currentMuonValue": 150.46014821584,
  "currentTSMonValue": 54.92486916791813,
  "currentGOOGLonValue": 46.902217472615554
}