{
  "tokenPrice": 2.1278693742184386e-09,
  "portfolioValue": 294.6889062549537,
  "profit": 92.75261925495369,
  "valuation": 2127.8693742184387,
  "nasdaqPE": 32.94134,
  "adjustedPE": 22.941339999999997,
  "muonPrice": 1236.571429,
  "tsmonPrice": 467.894,
  "googlonPrice": 348.76,
  "currentMuonValue": 188.55241149392,
  "currentTSMonValue": 59.548196604474754,
  "currentGOOGLonValue": 46.58829815655891
}