{
  "tokenPrice": 1.9363335532687766e-09,
  "portfolioValue": 286.0934361490999,
  "profit": 84.1571491490999,
  "valuation": 1936.3335532687765,
  "nasdaqPE": 33.008545,
  "adjustedPE": 23.008544999999998,
  "muonPrice": 1168.06,
  "tsmonPrice": 466.120769,
  "googlonPrice": 364.307143,
  "currentMuonValue": 178.1057888,
  "currentTSMonValue": 59.32252004479852,
  "currentGOOGLonValue": 48.665127304301365
}