{
  "tokenPrice": 1.1074012434253227e-09,
  "portfolioValue": 252.7220247365501,
  "profit": 50.78573773655012,
  "valuation": 1107.4012434253227,
  "nasdaqPE": 31.805359,
  "adjustedPE": 21.805359,
  "muonPrice": 976.522222,
  "tsmonPrice": 437.521429,
  "googlonPrice": 360.37,
  "currentMuonValue": 148.90010841056002,
  "currentTSMonValue": 55.682723165423674,
  "currentGOOGLonValue": 48.13919316056639
}