{
  "tokenPrice": 1.6282862859209373e-09,
  "portfolioValue": 264.00621851440195,
  "profit": 62.06993151440196,
  "valuation": 1628.2862859209372,
  "nasdaqPE": 36.233093,
  "adjustedPE": 26.233092999999997,
  "muonPrice": 1041.315634149378,
  "tsmonPrice": 440.5129169018577,
  "googlonPrice": 368.0339566638368,
  "currentMuonValue": 158.77980789509715,
  "currentTSMonValue": 56.06344552929183,
  "currentGOOGLonValue": 49.16296509001294
}