{
  "tokenPrice": 1.1502568681014646e-09,
  "portfolioValue": 254.31268924606633,
  "profit": 52.376402246066334,
  "valuation": 1150.2568681014645,
  "nasdaqPE": 31.961357,
  "adjustedPE": 21.961357,
  "muonPrice": 993.855,
  "tsmonPrice": 429.377062,
  "googlonPrice": 360.252353,
  "currentMuonValue": 151.54301040000001,
  "currentTSMonValue": 54.646201287957844,
  "currentGOOGLonValue": 48.123477558108476
}