{
  "tokenPrice": 1.227755560154608e-09,
  "portfolioValue": 257.11685778113167,
  "profit": 55.18057078113168,
  "valuation": 1227.755560154608,
  "nasdaqPE": 32.24978,
  "adjustedPE": 22.24978,
  "muonPrice": 987.75,
  "tsmonPrice": 452.633333,
  "googlonPrice": 366.056,
  "currentMuonValue": 150.61212,
  "currentTSMonValue": 57.6059934583959,
  "currentGOOGLonValue": 48.89874432273577
}