{
  "tokenPrice": 8.789316513653069e-10,
  "portfolioValue": 243.40617975142885,
  "profit": 41.46989275142886,
  "valuation": 878.9316513653068,
  "nasdaqPE": 31.194452,
  "adjustedPE": 21.194452,
  "muonPrice": 920.1475,
  "tsmonPrice": 431.75,
  "googlonPrice": 360.48,
  "currentMuonValue": 140.3040908,
  "currentTSMonValue": 54.94820169521724,
  "currentGOOGLonValue": 48.153887256211604
}