{
  "tokenPrice": 9.458040022729056e-10,
  "portfolioValue": 246.28601998708234,
  "profit": 44.34973298708235,
  "valuation": 945.8040022729056,
  "nasdaqPE": 31.326036,
  "adjustedPE": 21.326036,
  "muonPrice": 978.843333,
  "tsmonPrice": 420.176,
  "googlonPrice": 326.066154,
  "currentMuonValue": 149.25403141584002,
  "currentTSMonValue": 53.475195357242846,
  "currentGOOGLonValue": 43.55679321399947
}