{
  "tokenPrice": 1.9559922466434622e-09,
  "portfolioValue": 287.5244311329078,
  "profit": 85.58814413290781,
  "valuation": 1955.992246643462,
  "nasdaqPE": 32.853542,
  "adjustedPE": 22.853541999999997,
  "muonPrice": 1190.72,
  "tsmonPrice": 466.285,
  "googlonPrice": 348.9975,
  "currentMuonValue": 181.5609856,
  "currentTSMonValue": 59.34342148802403,
  "currentGOOGLonValue": 46.620024044883785
}