{
  "tokenPrice": 1.5352490866893344e-09,
  "portfolioValue": 273.21848736034315,
  "profit": 71.28220036034315,
  "valuation": 1535.2490866893345,
  "nasdaqPE": 31.537622,
  "adjustedPE": 21.537622,
  "muonPrice": 1133.165909,
  "tsmonPrice": 431.5,
  "googlonPrice": 340.74,
  "currentMuonValue": 172.78513780432002,
  "currentTSMonValue": 54.9163845546873,
  "currentGOOGLonValue": 45.516965001335834
}