{
  "tokenPrice": 1.1062652442254828e-09,
  "portfolioValue": 252.66992748835347,
  "profit": 50.73364048835347,
  "valuation": 1106.2652442254828,
  "nasdaqPE": 31.805359,
  "adjustedPE": 21.805359,
  "muonPrice": 976.522222,
  "tsmonPrice": 437.521429,
  "googlonPrice": 359.98,
  "currentMuonValue": 148.90010841056002,
  "currentTSMonValue": 55.682723165423674,
  "currentGOOGLonValue": 48.08709591236976
}