{
  "tokenPrice": 9.38856101688716e-10,
  "portfolioValue": 245.580538142721,
  "profit": 43.644251142721004,
  "valuation": 938.856101688716,
  "nasdaqPE": 31.511564,
  "adjustedPE": 21.511564,
  "muonPrice": 928.543333,
  "tsmonPrice": 432.971429,
  "googlonPrice": 366.01,
  "currentMuonValue": 141.58428741584,
  "currentTSMonValue": 55.10365120777865,
  "currentGOOGLonValue": 48.892599519102326
}