{
  "tokenPrice": 1.061223834208148e-09,
  "portfolioValue": 250.47936564562124,
  "profit": 48.54307864562125,
  "valuation": 1061.223834208148,
  "nasdaqPE": 31.861486,
  "adjustedPE": 21.861486,
  "muonPrice": 979.038,
  "tsmonPrice": 419.365,
  "googlonPrice": 358.008,
  "currentMuonValue": 149.28371424,
  "currentTSMonValue": 53.371980553363706,
  "currentGOOGLonValue": 47.82367085225755
}