{
  "tokenPrice": 5.772922840599197e-10,
  "portfolioValue": 228.94328683541647,
  "profit": 27.00699983541648,
  "valuation": 577.2922840599197,
  "nasdaqPE": 31.375654,
  "adjustedPE": 21.375654,
  "muonPrice": 848.065556,
  "tsmonPrice": 405.273333,
  "googlonPrice": 359.715,
  "currentMuonValue": 129.31303597888,
  "currentTSMonValue": 51.578554356402876,
  "currentGOOGLonValue": 48.05169650013358
}