{
  "tokenPrice": 1.1064044455368037e-09,
  "portfolioValue": 252.32811768708072,
  "profit": 50.39183068708073,
  "valuation": 1106.4044455368037,
  "nasdaqPE": 31.956028,
  "adjustedPE": 21.956028,
  "muonPrice": 978.937766,
  "tsmonPrice": 427.813558,
  "googlonPrice": 363.912956,
  "currentMuonValue": 149.26843055968,
  "currentTSMonValue": 54.44721638200931,
  "currentGOOGLonValue": 48.6124707453914
}