{
  "tokenPrice": 4.92506199786189e-10,
  "portfolioValue": 225.5206865440146,
  "profit": 23.584399544014616,
  "valuation": 492.50619978618903,
  "nasdaqPE": 30.882711,
  "adjustedPE": 20.882711,
  "muonPrice": 842.715,
  "tsmonPrice": 398.766667,
  "googlonPrice": 346.4,
  "currentMuonValue": 128.4971832,
  "currentTSMonValue": 50.75046033038918,
  "currentGOOGLonValue": 46.27304301362543
}