{
  "tokenPrice": 9.502885897843505e-10,
  "portfolioValue": 246.4963069579683,
  "profit": 44.56001995796831,
  "valuation": 950.2885897843505,
  "nasdaqPE": 31.326036,
  "adjustedPE": 21.326036,
  "muonPrice": 976.325,
  "tsmonPrice": 423.2,
  "googlonPrice": 327.633889,
  "currentMuonValue": 148.870036,
  "currentTSMonValue": 53.86005548909308,
  "currentGOOGLonValue": 43.76621546887524
}