{
  "tokenPrice": 8.933286343475836e-10,
  "portfolioValue": 243.46411985992518,
  "profit": 41.527832859925184,
  "valuation": 893.3286343475836,
  "nasdaqPE": 31.511564,
  "adjustedPE": 21.511564,
  "muonPrice": 914.55,
  "tsmonPrice": 431.875,
  "googlonPrice": 367.184,
  "currentMuonValue": 139.450584,
  "currentTSMonValue": 54.96411026548221,
  "currentGOOGLonValue": 49.049425594442965
}