{
  "tokenPrice": 1.1649743395276626e-09,
  "portfolioValue": 254.6025868567654,
  "profit": 52.66629985676542,
  "valuation": 1164.9743395276626,
  "nasdaqPE": 32.11992,
  "adjustedPE": 22.11992,
  "muonPrice": 990.73029,
  "tsmonPrice": 438.6575,
  "googlonPrice": 357.1475,
  "currentMuonValue": 151.0665546192,
  "currentTSMonValue": 55.82730928805966,
  "currentGOOGLonValue": 47.70872294950574
}