{
  "tokenPrice": 6.013516996773415e-10,
  "portfolioValue": 230.69281169892486,
  "profit": 28.756524698924864,
  "valuation": 601.3516996773415,
  "nasdaqPE": 30.911835,
  "adjustedPE": 20.911835,
  "muonPrice": 868.505,
  "tsmonPrice": 402.325,
  "googlonPrice": 352.29,
  "currentMuonValue": 132.4296424,
  "currentTSMonValue": 51.20332425484256,
  "currentGOOGLonValue": 47.059845044082294
}