{
  "tokenPrice": 1.8797153373828433e-09,
  "portfolioValue": 288.4804381941123,
  "profit": 86.54415119411232,
  "valuation": 1879.7153373828435,
  "nasdaqPE": 31.719727,
  "adjustedPE": 21.719727,
  "muonPrice": 1216.847826,
  "tsmonPrice": 449.652432,
  "googlonPrice": 342.17655,
  "currentMuonValue": 185.54495650848,
  "currentTSMonValue": 57.226618474304466,
  "currentGOOGLonValue": 45.70886321132782
}