{
  "tokenPrice": 1.084181929452812e-09,
  "portfolioValue": 251.19029707342668,
  "profit": 49.254010073426684,
  "valuation": 1084.181929452812,
  "nasdaqPE": 32.012054,
  "adjustedPE": 22.012054,
  "muonPrice": 980.764444,
  "tsmonPrice": 422.954,
  "googlonPrice": 357.94,
  "currentMuonValue": 149.54696242112,
  "currentTSMonValue": 53.82874742281161,
  "currentGOOGLonValue": 47.81458722949506
}