{
  "tokenPrice": 8.021887170673526e-10,
  "portfolioValue": 240.29679993764285,
  "profit": 38.36051293764285,
  "valuation": 802.1887170673526,
  "nasdaqPE": 30.911835,
  "adjustedPE": 20.911835,
  "muonPrice": 919.115,
  "tsmonPrice": 417.75,
  "googlonPrice": 351.72,
  "currentMuonValue": 140.1466552,
  "currentTSMonValue": 53.16644182554025,
  "currentGOOGLonValue": 46.9837029121026
}