{
  "tokenPrice": 6.300528679377442e-10,
  "portfolioValue": 232.0652961442355,
  "profit": 30.12900914423551,
  "valuation": 630.0528679377442,
  "nasdaqPE": 30.911835,
  "adjustedPE": 20.911835,
  "muonPrice": 875.735,
  "tsmonPrice": 403.56,
  "googlonPrice": 353.135,
  "currentMuonValue": 133.5320728,
  "currentTSMonValue": 51.3605009290605,
  "currentGOOGLonValue": 47.172722415174995
}