{
  "tokenPrice": 1.3188915775452704e-09,
  "portfolioValue": 261.92946466205655,
  "profit": 59.99317766205655,
  "valuation": 1318.8915775452704,
  "nasdaqPE": 31.984026,
  "adjustedPE": 21.984026,
  "muonPrice": 1042.144444,
  "tsmonPrice": 442.01,
  "googlonPrice": 350.115,
  "currentMuonValue": 158.90618482112,
  "currentTSMonValue": 56.253977142566235,
  "currentGOOGLonValue": 46.769302698370296
}