{
  "tokenPrice": 1.5529142250486412e-09,
  "portfolioValue": 272.6402319129226,
  "profit": 70.70394491292262,
  "valuation": 1552.9142250486411,
  "nasdaqPE": 31.963615,
  "adjustedPE": 21.963615,
  "muonPrice": 1134.988,
  "tsmonPrice": 423.685714,
  "googlonPrice": 341.77625,
  "currentMuonValue": 173.06297024000003,
  "currentTSMonValue": 53.92187161147453,
  "currentGOOGLonValue": 45.65539006144804
}