{
  "tokenPrice": 9.737724270202577e-10,
  "portfolioValue": 246.9958182130657,
  "profit": 45.059531213065696,
  "valuation": 973.7724270202577,
  "nasdaqPE": 31.610798,
  "adjustedPE": 21.610798,
  "muonPrice": 952.872881,
  "tsmonPrice": 428.587273,
  "googlonPrice": 353.01038,
  "currentMuonValue": 145.29405689488001,
  "currentTSMonValue": 54.545685977549816,
  "currentGOOGLonValue": 47.15607534063586
}