{
  "tokenPrice": 1.7505803799659704e-09,
  "portfolioValue": 278.18904774005864,
  "profit": 76.25276074005865,
  "valuation": 1750.5803799659705,
  "nasdaqPE": 32.9576,
  "adjustedPE": 22.9576,
  "muonPrice": 1125.342,
  "tsmonPrice": 454.13,
  "googlonPrice": 365.32,
  "currentMuonValue": 171.59214816000002,
  "currentTSMonValue": 57.79647211545803,
  "currentGOOGLonValue": 48.80042746460059
}