{
  "tokenPrice": 1.5366444576043753e-09,
  "portfolioValue": 273.2832749638697,
  "profit": 71.34698796386971,
  "valuation": 1536.6444576043752,
  "nasdaqPE": 31.537622,
  "adjustedPE": 21.537622,
  "muonPrice": 1133.165909,
  "tsmonPrice": 431.5,
  "googlonPrice": 341.225,
  "currentMuonValue": 172.78513780432002,
  "currentTSMonValue": 54.9163845546873,
  "currentGOOGLonValue": 45.581752604862416
}