{
  "tokenPrice": 1.7866137065072709e-09,
  "portfolioValue": 283.46981504484825,
  "profit": 81.53352804484825,
  "valuation": 1786.613706507271,
  "nasdaqPE": 31.912626,
  "adjustedPE": 21.912626,
  "muonPrice": 1191.85,
  "tsmonPrice": 441.256765,
  "googlonPrice": 341.2,
  "currentMuonValue": 181.733288,
  "currentTSMonValue": 56.158114007177936,
  "currentGOOGLonValue": 45.578413037670316
}