{
  "tokenPrice": 1.8579430596683797e-09,
  "portfolioValue": 283.2804035459783,
  "profit": 81.3441165459783,
  "valuation": 1857.9430596683796,
  "nasdaqPE": 32.840534,
  "adjustedPE": 22.840533999999998,
  "muonPrice": 1147.743333,
  "tsmonPrice": 476.861333,
  "googlonPrice": 356.206667,
  "currentMuonValue": 175.00790341584,
  "currentTSMonValue": 60.68945618143405,
  "currentGOOGLonValue": 47.58304394870425
}