{
  "tokenPrice": 1.1037019639796907e-09,
  "portfolioValue": 252.55237472319183,
  "profit": 50.61608772319184,
  "valuation": 1103.7019639796906,
  "nasdaqPE": 31.805359,
  "adjustedPE": 21.805359,
  "muonPrice": 976.522222,
  "tsmonPrice": 437.521429,
  "googlonPrice": 359.1,
  "currentMuonValue": 148.90010841056002,
  "currentTSMonValue": 55.682723165423674,
  "currentGOOGLonValue": 47.96954314720813
}