{
  "tokenPrice": 1.4567548577337577e-09,
  "portfolioValue": 266.45355980003177,
  "profit": 64.51727280003178,
  "valuation": 1456.7548577337577,
  "nasdaqPE": 32.5793,
  "adjustedPE": 22.579300000000003,
  "muonPrice": 1058.273333,
  "tsmonPrice": 433.95,
  "googlonPrice": 373.250833,
  "currentMuonValue": 161.36551781584,
  "currentTSMonValue": 55.228192531880765,
  "currentGOOGLonValue": 49.85984945231098
}