{
  "tokenPrice": 1.0969252090549573e-09,
  "portfolioValue": 252.24159080421424,
  "profit": 50.30530380421425,
  "valuation": 1096.9252090549573,
  "nasdaqPE": 31.805359,
  "adjustedPE": 21.805359,
  "muonPrice": 977.2,
  "tsmonPrice": 434.343529,
  "googlonPrice": 359.0275,
  "currentMuonValue": 149.003456,
  "currentTSMonValue": 55.2782764018632,
  "currentGOOGLonValue": 47.95985840235105
}