{
  "tokenPrice": 9.70605463109002e-10,
  "portfolioValue": 246.75308715245762,
  "profit": 44.81680015245763,
  "valuation": 970.6054631090021,
  "nasdaqPE": 31.657179,
  "adjustedPE": 21.657179,
  "muonPrice": 932.123333,
  "tsmonPrice": 434.095833,
  "googlonPrice": 369.63,
  "currentMuonValue": 142.13016581584,
  "currentTSMonValue": 55.246752488100384,
  "currentGOOGLonValue": 49.37616884851723
}