{
  "tokenPrice": 4.835095319540218e-10,
  "portfolioValue": 225.08986758415028,
  "profit": 23.15358058415029,
  "valuation": 483.5095319540217,
  "nasdaqPE": 30.882711,
  "adjustedPE": 20.882711,
  "muonPrice": 839.775,
  "tsmonPrice": 399.455,
  "googlonPrice": 345.875,
  "currentMuonValue": 128.048892,
  "currentTSMonValue": 50.83806348155878,
  "currentGOOGLonValue": 46.202912102591505
}