{
  "tokenPrice": 4.968838957817227e-10,
  "portfolioValue": 225.73031909581948,
  "profit": 23.79403209581949,
  "valuation": 496.8838957817227,
  "nasdaqPE": 30.882711,
  "adjustedPE": 20.882711,
  "muonPrice": 844.59,
  "tsmonPrice": 397.905,
  "googlonPrice": 346.65,
  "currentMuonValue": 128.78308320000002,
  "currentTSMonValue": 50.64079721027311,
  "currentGOOGLonValue": 46.306438685546354
}