{
  "tokenPrice": 1.1093965240711945e-09,
  "portfolioValue": 252.8135288776134,
  "profit": 50.877241877613415,
  "valuation": 1109.3965240711946,
  "nasdaqPE": 31.805359,
  "adjustedPE": 21.805359,
  "muonPrice": 976.522222,
  "tsmonPrice": 437.521429,
  "googlonPrice": 361.055,
  "currentMuonValue": 148.90010841056002,
  "currentTSMonValue": 55.682723165423674,
  "currentGOOGLonValue": 48.23069730162971
}