{
  "tokenPrice": 1.0738674665734546e-09,
  "portfolioValue": 250.70063334648913,
  "profit": 48.764346346489134,
  "valuation": 1073.8674665734545,
  "nasdaqPE": 32.02157,
  "adjustedPE": 22.021569999999997,
  "muonPrice": 965.47,
  "tsmonPrice": 438.065,
  "googlonPrice": 357.335714,
  "currentMuonValue": 147.2148656,
  "currentTSMonValue": 55.75190266500368,
  "currentGOOGLonValue": 47.73386508148544
}