{
  "tokenPrice": 1.308973035162893e-09,
  "portfolioValue": 261.9661647544957,
  "profit": 60.029877754495715,
  "valuation": 1308.973035162893,
  "nasdaqPE": 31.805359,
  "adjustedPE": 21.805359,
  "muonPrice": 1031.79939,
  "tsmonPrice": 443.846316,
  "googlonPrice": 360.448739,
  "currentMuonValue": 157.3287709872,
  "currentTSMonValue": 56.48768243948379,
  "currentGOOGLonValue": 48.149711327811914
}