{
  "tokenPrice": 1.1745561154153697e-09,
  "portfolioValue": 255.43212492730495,
  "profit": 53.49583792730496,
  "valuation": 1174.5561154153697,
  "nasdaqPE": 31.956028,
  "adjustedPE": 21.956028,
  "muonPrice": 997.66,
  "tsmonPrice": 427.87,
  "googlonPrice": 365.725,
  "currentMuonValue": 152.1231968,
  "currentTSMonValue": 54.45439967419247,
  "currentGOOGLonValue": 48.854528453112486
}