{
  "tokenPrice": 1.0504978438371022e-09,
  "portfolioValue": 250.82923044860217,
  "profit": 48.89294344860218,
  "valuation": 1050.4978438371022,
  "nasdaqPE": 31.485674,
  "adjustedPE": 21.485674,
  "muonPrice": 984.12,
  "tsmonPrice": 426.026667,
  "googlonPrice": 348.479375,
  "currentMuonValue": 150.0586176,
  "currentTSMonValue": 54.21980133377452,
  "currentGOOGLonValue": 46.55081151482768
}