{
  "tokenPrice": 7.067423688454963e-10,
  "portfolioValue": 236.2206525708728,
  "profit": 34.28436557087281,
  "valuation": 706.7423688454962,
  "nasdaqPE": 30.61413,
  "adjustedPE": 20.61413,
  "muonPrice": 929.36,
  "tsmonPrice": 406.862,
  "googlonPrice": 319.885,
  "currentMuonValue": 141.7088128,
  "currentTSMonValue": 51.78074172118003,
  "currentGOOGLonValue": 42.73109804969276
}