{
  "tokenPrice": 1.715788044724249e-09,
  "portfolioValue": 278.8525244062904,
  "profit": 76.9162374062904,
  "valuation": 1715.788044724249,
  "nasdaqPE": 32.307228,
  "adjustedPE": 22.307228000000002,
  "muonPrice": 1140.464103,
  "tsmonPrice": 454.226667,
  "googlonPrice": 352.933333,
  "currentMuonValue": 173.89796642544002,
  "currentTSMonValue": 57.808774785552465,
  "currentGOOGLonValue": 47.145783195297895
}