{
  "tokenPrice": 9.947789904965412e-10,
  "portfolioValue": 248.47191035552606,
  "profit": 46.53562335552607,
  "valuation": 994.7789904965412,
  "nasdaqPE": 31.37672,
  "adjustedPE": 21.37672,
  "muonPrice": 975.32,
  "tsmonPrice": 421.71,
  "googlonPrice": 344.99,
  "currentMuonValue": 148.71679360000002,
  "currentTSMonValue": 53.670425331534595,
  "currentGOOGLonValue": 46.08469142399146
}