{
  "tokenPrice": 1.4227609518625277e-09,
  "portfolioValue": 267.0388813950622,
  "profit": 65.10259439506223,
  "valuation": 1422.7609518625277,
  "nasdaqPE": 31.854136,
  "adjustedPE": 21.854136,
  "muonPrice": 1078.326667,
  "tsmonPrice": 439.325,
  "googlonPrice": 349.621429,
  "currentMuonValue": 164.42325018416003,
  "currentTSMonValue": 55.91226105327461,
  "currentGOOGLonValue": 46.703370157627575
}