{
  "tokenPrice": 1.0484341027809385e-09,
  "portfolioValue": 247.41346158780226,
  "profit": 45.47717458780227,
  "valuation": 1048.4341027809385,
  "nasdaqPE": 33.054073,
  "adjustedPE": 23.054073000000002,
  "muonPrice": 942.78,
  "tsmonPrice": 429.078,
  "googlonPrice": 367.19,
  "currentMuonValue": 143.7550944,
  "currentTSMonValue": 54.608140097233175,
  "currentGOOGLonValue": 49.05022709056907
}