{
  "tokenPrice": 1.1037165280719967e-09,
  "portfolioValue": 252.55304263663027,
  "profit": 50.61675563663027,
  "valuation": 1103.7165280719967,
  "nasdaqPE": 31.805359,
  "adjustedPE": 21.805359,
  "muonPrice": 976.522222,
  "tsmonPrice": 437.521429,
  "googlonPrice": 359.105,
  "currentMuonValue": 148.90010841056002,
  "currentTSMonValue": 55.682723165423674,
  "currentGOOGLonValue": 47.97021106064655
}