{
  "tokenPrice": 5.162953739003747e-10,
  "portfolioValue": 226.65986689824092,
  "profit": 24.723579898240928,
  "valuation": 516.2953739003747,
  "nasdaqPE": 30.882711,
  "adjustedPE": 20.882711,
  "muonPrice": 848.235,
  "tsmonPrice": 399.535,
  "googlonPrice": 347.895,
  "currentMuonValue": 129.33887280000002,
  "currentTSMonValue": 50.84824496652836,
  "currentGOOGLonValue": 46.47274913171253
}