{
  "tokenPrice": 9.718756778547662e-10,
  "portfolioValue": 247.0928692583468,
  "profit": 45.156582258346816,
  "valuation": 971.8756778547661,
  "nasdaqPE": 31.522348,
  "adjustedPE": 21.522348,
  "muonPrice": 941.895,
  "tsmonPrice": 436.766667,
  "googlonPrice": 358.475,
  "currentMuonValue": 143.6201496,
  "currentTSMonValue": 55.58666569094102,
  "currentGOOGLonValue": 47.88605396740583
}