{
  "tokenPrice": 1.6795938394618904e-09,
  "portfolioValue": 278.4079351991644,
  "profit": 76.4716481991644,
  "valuation": 1679.5938394618904,
  "nasdaqPE": 31.963615,
  "adjustedPE": 21.963615,
  "muonPrice": 1167.8,
  "tsmonPrice": 429.668,
  "googlonPrice": 341.8,
  "currentMuonValue": 178.066144,
  "currentTSMonValue": 54.68322854888385,
  "currentGOOGLonValue": 45.65856265028053
}