{
  "tokenPrice": 1.5353785540938228e-09,
  "portfolioValue": 273.2244985812889,
  "profit": 71.28821158128892,
  "valuation": 1535.378554093823,
  "nasdaqPE": 31.537622,
  "adjustedPE": 21.537622,
  "muonPrice": 1133.165909,
  "tsmonPrice": 431.5,
  "googlonPrice": 340.785,
  "currentMuonValue": 172.78513780432002,
  "currentTSMonValue": 54.9163845546873,
  "currentGOOGLonValue": 45.5229762222816
}