{
  "tokenPrice": 4.0122854518866144e-10,
  "portfolioValue": 220.72560244644683,
  "profit": 18.789315446446835,
  "valuation": 401.2285451886614,
  "nasdaqPE": 31.35408,
  "adjustedPE": 21.35408,
  "muonPrice": 817.341667,
  "tsmonPrice": 390.055,
  "googlonPrice": 347.766667,
  "currentMuonValue": 124.62825738416001,
  "currentTSMonValue": 49.6417389976328,
  "currentGOOGLonValue": 46.45560606465402
}