{
  "tokenPrice": 1.074931790732563e-09,
  "portfolioValue": 250.8827974880615,
  "profit": 48.946510488061506,
  "valuation": 1074.931790732563,
  "nasdaqPE": 31.961357,
  "adjustedPE": 21.961357,
  "muonPrice": 977.1,
  "tsmonPrice": 424.366667,
  "googlonPrice": 358.475,
  "currentMuonValue": 148.98820800000001,
  "currentTSMonValue": 54.008535520655684,
  "currentGOOGLonValue": 47.88605396740583
}