{
  "tokenPrice": 1.6699614494016435e-09,
  "portfolioValue": 265.19205268408535,
  "profit": 63.25576568408536,
  "valuation": 1669.9614494016434,
  "nasdaqPE": 36.400146,
  "adjustedPE": 26.400146,
  "muonPrice": 1049.21,
  "tsmonPrice": 445.948261,
  "googlonPrice": 362.721538,
  "currentMuonValue": 159.98354080000001,
  "currentTSMonValue": 56.75519395728866,
  "currentGOOGLonValue": 48.45331792679669
}