{
  "tokenPrice": 1.3725369462722785e-09,
  "portfolioValue": 262.7236872414724,
  "profit": 60.787400241472426,
  "valuation": 1372.5369462722786,
  "nasdaqPE": 32.5793,
  "adjustedPE": 22.579300000000003,
  "muonPrice": 1039.007692,
  "tsmonPrice": 429.4,
  "googlonPrice": 371.655,
  "currentMuonValue": 158.42789287616,
  "currentTSMonValue": 54.649120574235745,
  "currentGOOGLonValue": 49.64667379107668
}