{
  "tokenPrice": 1.0753031636431108e-09,
  "portfolioValue": 250.9960676538829,
  "profit": 49.05978065388291,
  "valuation": 1075.3031636431108,
  "nasdaqPE": 31.918222,
  "adjustedPE": 21.918222,
  "muonPrice": 984.445,
  "tsmonPrice": 419.595,
  "googlonPrice": 355.485,
  "currentMuonValue": 150.10817360000001,
  "currentTSMonValue": 53.40125232265125,
  "currentGOOGLonValue": 47.486641731231636
}