{
  "tokenPrice": 6.324525178080863e-10,
  "portfolioValue": 232.06398409259407,
  "profit": 30.127697092594076,
  "valuation": 632.4525178080863,
  "nasdaqPE": 30.992395,
  "adjustedPE": 20.992395,
  "muonPrice": 871.63,
  "tsmonPrice": 406.498,
  "googlonPrice": 355.011765,
  "currentMuonValue": 132.9061424,
  "currentTSMonValue": 51.73441596456843,
  "currentGOOGLonValue": 47.423425728025656
}