{
  "tokenPrice": 1.1361562767428807e-09,
  "portfolioValue": 253.68318205510198,
  "profit": 51.74689505510199,
  "valuation": 1136.1562767428807,
  "nasdaqPE": 31.956028,
  "adjustedPE": 21.956028,
  "muonPrice": 986.26,
  "tsmonPrice": 429.56,
  "googlonPrice": 364.035,
  "currentMuonValue": 150.3849248,
  "currentTSMonValue": 54.66948354417491,
  "currentGOOGLonValue": 48.62877371092707
}