{
  "tokenPrice": 1.6859913503986484e-09,
  "portfolioValue": 266.05244898376,
  "profit": 64.11616198375998,
  "valuation": 1685.9913503986484,
  "nasdaqPE": 36.295887,
  "adjustedPE": 26.295887,
  "muonPrice": 1052.6988955933898,
  "tsmonPrice": 446.66024102567104,
  "googlonPrice": 364.5016850354635,
  "currentMuonValue": 160.51552760008008,
  "currentTSMonValue": 56.84580663141382,
  "currentGOOGLonValue": 48.69111475226603
}