{
  "tokenPrice": 1.0111970727357069e-09,
  "portfolioValue": 247.99184280160978,
  "profit": 46.055555801609785,
  "valuation": 1011.1970727357069,
  "nasdaqPE": 31.956028,
  "adjustedPE": 21.956028,
  "muonPrice": 951.871622,
  "tsmonPrice": 427.2375,
  "googlonPrice": 362.895495,
  "currentMuonValue": 145.14138492256,
  "currentTSMonValue": 54.373902308651715,
  "currentGOOGLonValue": 48.47655557039808
}