{
  "tokenPrice": 1.2870246402802388e-09,
  "portfolioValue": 259.5742780960744,
  "profit": 57.637991096074416,
  "valuation": 1287.0246402802388,
  "nasdaqPE": 32.32945,
  "adjustedPE": 22.32945,
  "muonPrice": 1002.885,
  "tsmonPrice": 455.998571,
  "googlonPrice": 363.97,
  "currentMuonValue": 152.9199048,
  "currentTSMonValue": 58.034282459846764,
  "currentGOOGLonValue": 48.62009083622763
}