{
  "tokenPrice": 9.54028499490926e-10,
  "portfolioValue": 246.67167521236755,
  "profit": 44.73538821236755,
  "valuation": 954.028499490926,
  "nasdaqPE": 31.326036,
  "adjustedPE": 21.326036,
  "muonPrice": 965.832308,
  "tsmonPrice": 422.025,
  "googlonPrice": 342.0432,
  "currentMuonValue": 147.27011032384002,
  "currentTSMonValue": 53.71051492860233,
  "currentGOOGLonValue": 45.6910499599252
}