{
  "tokenPrice": 1.0262820059821622e-09,
  "portfolioValue": 248.40588521553985,
  "profit": 46.46959821553986,
  "valuation": 1026.2820059821622,
  "nasdaqPE": 32.08502,
  "adjustedPE": 22.08502,
  "muonPrice": 953.24,
  "tsmonPrice": 429.623333,
  "googlonPrice": 362.16,
  "currentMuonValue": 145.3500352,
  "currentTSMonValue": 54.677543844019645,
  "currentGOOGLonValue": 48.37830617152018
}