{
  "tokenPrice": 1.1584831315381866e-09,
  "portfolioValue": 254.06143486989006,
  "profit": 52.12514786989007,
  "valuation": 1158.4831315381866,
  "nasdaqPE": 32.225033,
  "adjustedPE": 22.225033000000003,
  "muonPrice": 989.975,
  "tsmonPrice": 435.955,
  "googlonPrice": 356.533333,
  "currentMuonValue": 150.951388,
  "currentTSMonValue": 55.483365998930935,
  "currentGOOGLonValue": 47.62668087095913
}