{
  "tokenPrice": 1.1392180059283548e-09,
  "portfolioValue": 253.20319485231073,
  "profit": 51.26690785231074,
  "valuation": 1139.2180059283548,
  "nasdaqPE": 32.221313,
  "adjustedPE": 22.221313000000002,
  "muonPrice": 982.766667,
  "tsmonPrice": 435.794,
  "googlonPrice": 358.49,
  "currentMuonValue": 149.85226138416,
  "currentTSMonValue": 55.46287576042965,
  "currentGOOGLonValue": 47.88805770772108
}