{
  "tokenPrice": 1.941111120180995e-09,
  "portfolioValue": 291.30716722243534,
  "profit": 89.37088022243535,
  "valuation": 1941.111120180995,
  "nasdaqPE": 31.719727,
  "adjustedPE": 21.719727,
  "muonPrice": 1233.13375,
  "tsmonPrice": 455.106667,
  "googlonPrice": 339.5512,
  "currentMuonValue": 188.02823419999999,
  "currentTSMonValue": 57.92077112021788,
  "currentGOOGLonValue": 45.358161902217475
}