{
  "tokenPrice": 2.0059987611378868e-09,
  "portfolioValue": 289.3766353466043,
  "profit": 87.44034834660431,
  "valuation": 2005.998761137887,
  "nasdaqPE": 32.94134,
  "adjustedPE": 22.941339999999997,
  "muonPrice": 1202.547436,
  "tsmonPrice": 469.480952,
  "googlonPrice": 346.317606,
  "currentMuonValue": 183.36443304128002,
  "currentTSMonValue": 59.750165703667875,
  "currentGOOGLonValue": 46.26203660165643
}