{
  "tokenPrice": 7.824381011898683e-10,
  "portfolioValue": 238.16127103034103,
  "profit": 36.224984030341034,
  "valuation": 782.4381011898683,
  "nasdaqPE": 31.599405,
  "adjustedPE": 21.599405,
  "muonPrice": 895.624242,
  "tsmonPrice": 419.513636,
  "googlonPrice": 360.867042,
  "currentMuonValue": 136.56478442016,
  "currentTSMonValue": 53.39089724336294,
  "currentGOOGLonValue": 48.20558936681807
}