{
  "tokenPrice": 1.2468841450378703e-09,
  "portfolioValue": 257.68057163100696,
  "profit": 55.74428463100696,
  "valuation": 1246.8841450378702,
  "nasdaqPE": 32.367928,
  "adjustedPE": 22.367928,
  "muonPrice": 1005.725,
  "tsmonPrice": 442.971429,
  "googlonPrice": 358.963333,
  "currentMuonValue": 153.352948,
  "currentTSMonValue": 56.3763368289765,
  "currentGOOGLonValue": 47.95128680203046
}