{
  "tokenPrice": 1.7426801387393898e-09,
  "portfolioValue": 278.2339838375341,
  "profit": 76.29769683753409,
  "valuation": 1742.6801387393898,
  "nasdaqPE": 32.840534,
  "adjustedPE": 22.840533999999998,
  "muonPrice": 1117.366667,
  "tsmonPrice": 474.446957,
  "googlonPrice": 355.403333,
  "currentMuonValue": 170.37606938416002,
  "currentTSMonValue": 60.382182019497534,
  "currentGOOGLonValue": 47.47573243387657
}