{
  "tokenPrice": 8.434519061021512e-10,
  "portfolioValue": 241.14551911822957,
  "profit": 39.20923211822958,
  "valuation": 843.4519061021512,
  "nasdaqPE": 31.511564,
  "adjustedPE": 21.511564,
  "muonPrice": 904.295,
  "tsmonPrice": 430.02,
  "googlonPrice": 363.3,
  "currentMuonValue": 137.8869016,
  "currentTSMonValue": 54.72802708275001,
  "currentGOOGLonValue": 48.53059043547957
}