{
  "tokenPrice": 8.533332778025022e-10,
  "portfolioValue": 241.42271770943063,
  "profit": 39.486430709430635,
  "valuation": 853.3332778025022,
  "nasdaqPE": 31.610798,
  "adjustedPE": 21.610798,
  "muonPrice": 921.733333,
  "tsmonPrice": 422.953333,
  "googlonPrice": 352.2025,
  "currentMuonValue": 140.54589861584,
  "currentTSMonValue": 53.828662534680674,
  "currentGOOGLonValue": 47.048156558909966
}