{
  "tokenPrice": 1.180410493058113e-09,
  "portfolioValue": 256.6275928164369,
  "profit": 54.69130581643691,
  "valuation": 1180.410493058113,
  "nasdaqPE": 31.583147,
  "adjustedPE": 21.583147,
  "muonPrice": 1012.7975,
  "tsmonPrice": 436.295,
  "googlonPrice": 349.368571,
  "currentMuonValue": 154.43136280000002,
  "currentTSMonValue": 55.52663731005167,
  "currentGOOGLonValue": 46.66959270638525
}