{
  "tokenPrice": 1.7018609249146025e-09,
  "portfolioValue": 278.2281922476893,
  "profit": 76.29190524768933,
  "valuation": 1701.8609249146025,
  "nasdaqPE": 32.307228,
  "adjustedPE": 22.307228000000002,
  "muonPrice": 1136.479424,
  "tsmonPrice": 453.877692,
  "googlonPrice": 353.140435,
  "currentMuonValue": 173.29038257152,
  "currentTSMonValue": 57.76436123908672,
  "currentGOOGLonValue": 47.17344843708256
}