{
  "tokenPrice": 1.1460476369758842e-09,
  "portfolioValue": 253.65494885717624,
  "profit": 51.718661857176244,
  "valuation": 1146.0476369758842,
  "nasdaqPE": 32.159267,
  "adjustedPE": 22.159267,
  "muonPrice": 992.135,
  "tsmonPrice": 425.012593,
  "googlonPrice": 361.45,
  "currentMuonValue": 151.2807448,
  "currentTSMonValue": 54.09074159391146,
  "currentGOOGLonValue": 48.28346246326476
}