{
  "tokenPrice": 7.675043307885388e-10,
  "portfolioValue": 238.13067749950187,
  "profit": 36.19439049950188,
  "valuation": 767.5043307885388,
  "nasdaqPE": 31.205063,
  "adjustedPE": 21.205063,
  "muonPrice": 915.5175,
  "tsmonPrice": 409.27,
  "googlonPrice": 347.69,
  "currentMuonValue": 139.5981084,
  "currentTSMonValue": 52.08720441876447,
  "currentGOOGLonValue": 46.44536468073738
}