{
  "tokenPrice": 1.14438165631515e-09,
  "portfolioValue": 247.711553252606,
  "profit": 45.775266252606,
  "valuation": 1144.38165631515,
  "nasdaqPE": 35,
  "adjustedPE": 25,
  "muonPrice": 943.428571,
  "tsmonPrice": 436.535,
  "googlonPrice": 361.576667,
  "currentMuonValue": 143.85398850608001,
  "currentTSMonValue": 55.55718176496042,
  "currentGOOGLonValue": 48.30038298156559
}