{
  "tokenPrice": 1.0740031193831003e-09,
  "portfolioValue": 250.80172132932842,
  "profit": 48.86543432932842,
  "valuation": 1074.0031193831003,
  "nasdaqPE": 31.97879,
  "adjustedPE": 21.97879,
  "muonPrice": 977.878125,
  "tsmonPrice": 421.926172,
  "googlonPrice": 359.305,
  "currentMuonValue": 149.1068565,
  "currentTSMonValue": 53.697937231145154,
  "currentGOOGLonValue": 47.99692759818328
}