{
  "tokenPrice": 1.1060904751178153e-09,
  "portfolioValue": 252.66191252709245,
  "profit": 50.72562552709246,
  "valuation": 1106.0904751178152,
  "nasdaqPE": 31.805359,
  "adjustedPE": 21.805359,
  "muonPrice": 976.522222,
  "tsmonPrice": 437.521429,
  "googlonPrice": 359.92,
  "currentMuonValue": 148.90010841056002,
  "currentTSMonValue": 55.682723165423674,
  "currentGOOGLonValue": 48.07908095110874
}