{
  "tokenPrice": 1.2664661062538021e-09,
  "portfolioValue": 258.5560197823034,
  "profit": 56.6197327823034,
  "valuation": 1266.466106253802,
  "nasdaqPE": 32.367928,
  "adjustedPE": 22.367928,
  "muonPrice": 1008.579355,
  "tsmonPrice": 446.514352,
  "googlonPrice": 358.883333,
  "currentMuonValue": 153.7881800504,
  "currentTSMonValue": 56.82723954488761,
  "currentGOOGLonValue": 47.94060018701577
}