{
  "tokenPrice": 1.210060889036537e-09,
  "portfolioValue": 254.42423084560752,
  "profit": 52.48794384560753,
  "valuation": 1210.060889036537,
  "nasdaqPE": 33.054073,
  "adjustedPE": 23.054073000000002,
  "muonPrice": 975.502128,
  "tsmonPrice": 440.866667,
  "googlonPrice": 371.09,
  "currentMuonValue": 148.74456447744,
  "currentTSMonValue": 56.10846679563214,
  "currentGOOGLonValue": 49.5711995725354
}