{
  "tokenPrice": 1.4218659942237113e-09,
  "portfolioValue": 266.0001764421461,
  "profit": 64.06388944214609,
  "valuation": 1421.8659942237114,
  "nasdaqPE": 32.1945,
  "adjustedPE": 22.194499999999998,
  "muonPrice": 1058.6,
  "tsmonPrice": 438.345,
  "googlonPrice": 365.296667,
  "currentMuonValue": 161.415328,
  "currentTSMonValue": 55.78753786239723,
  "currentGOOGLonValue": 48.79731057974887
}