{
  "tokenPrice": 1.5349182255445309e-09,
  "portfolioValue": 273.20312535125953,
  "profit": 71.26683835125954,
  "valuation": 1534.918225544531,
  "nasdaqPE": 31.537622,
  "adjustedPE": 21.537622,
  "muonPrice": 1133.165909,
  "tsmonPrice": 431.5,
  "googlonPrice": 340.625,
  "currentMuonValue": 172.78513780432002,
  "currentTSMonValue": 54.9163845546873,
  "currentGOOGLonValue": 45.50160299225221
}