{
  "tokenPrice": 1.0168954224046955e-09,
  "portfolioValue": 249.26528502932388,
  "profit": 47.328998029323884,
  "valuation": 1016.8954224046954,
  "nasdaqPE": 31.485674,
  "adjustedPE": 21.485674,
  "muonPrice": 975.3,
  "tsmonPrice": 425.152,
  "googlonPrice": 347.672727,
  "currentMuonValue": 148.713744,
  "currentTSMonValue": 54.1084837223509,
  "currentGOOGLonValue": 46.44305730697302
}