{
  "tokenPrice": 5.550660136730213e-10,
  "portfolioValue": 228.51645725054942,
  "profit": 26.58017025054943,
  "valuation": 555.0660136730213,
  "nasdaqPE": 30.882711,
  "adjustedPE": 20.882711,
  "muonPrice": 858.625,
  "tsmonPrice": 401.68,
  "googlonPrice": 347.89,
  "currentMuonValue": 130.92314000000002,
  "currentTSMonValue": 51.121236032275306,
  "currentGOOGLonValue": 46.47208121827411
}