{
  "tokenPrice": 9.811800613272553e-10,
  "portfolioValue": 247.63855875123258,
  "profit": 45.70227175123259,
  "valuation": 981.1800613272553,
  "nasdaqPE": 31.468956,
  "adjustedPE": 21.468956,
  "muonPrice": 941.973846,
  "tsmonPrice": 438.303333,
  "googlonPrice": 361.006,
  "currentMuonValue": 143.63217203808,
  "currentTSMonValue": 55.78223496321938,
  "currentGOOGLonValue": 48.224151749933206
}