{
  "tokenPrice": 1.043990969575399e-09,
  "portfolioValue": 250.0435923591264,
  "profit": 48.1073053591264,
  "valuation": 1043.990969575399,
  "nasdaqPE": 31.701298,
  "adjustedPE": 21.701298,
  "muonPrice": 969.135,
  "tsmonPrice": 431.472,
  "googlonPrice": 354.515,
  "currentMuonValue": 147.7737048,
  "currentTSMonValue": 54.91282103494794,
  "currentGOOGLonValue": 47.35706652417847
}