{
  "tokenPrice": 5.672774048312625e-10,
  "portfolioValue": 228.50158060343608,
  "profit": 26.56529360343609,
  "valuation": 567.2774048312625,
  "nasdaqPE": 31.35408,
  "adjustedPE": 21.35408,
  "muonPrice": 843.882353,
  "tsmonPrice": 409.683333,
  "googlonPrice": 356.981818,
  "currentMuonValue": 128.67518118544,
  "currentTSMonValue": 52.13980871535113,
  "currentGOOGLonValue": 47.686590702644935
}