{
  "tokenPrice": 1.3801943083613177e-09,
  "portfolioValue": 263.64045147877147,
  "profit": 61.704164478771474,
  "valuation": 1380.1943083613178,
  "nasdaqPE": 32.367928,
  "adjustedPE": 22.367928,
  "muonPrice": 1040.16,
  "tsmonPrice": 449.264,
  "googlonPrice": 358.2775,
  "currentMuonValue": 158.60359680000002,
  "currentTSMonValue": 57.17718329218316,
  "currentGOOGLonValue": 47.859671386588296
}