{
  "tokenPrice": 1.21330060174994e-09,
  "portfolioValue": 257.5785995961806,
  "profit": 55.6423125961806,
  "valuation": 1213.30060174994,
  "nasdaqPE": 31.805359,
  "adjustedPE": 21.805359,
  "muonPrice": 1001.895,
  "tsmonPrice": 444.69,
  "googlonPrice": 360.934444,
  "currentMuonValue": 152.7689496,
  "currentTSMonValue": 56.595056889047264,
  "currentGOOGLonValue": 48.21459310713332
}