{
  "tokenPrice": 8.762963350757062e-10,
  "portfolioValue": 244.4791735489009,
  "profit": 42.542886548900896,
  "valuation": 876.2963350757062,
  "nasdaqPE": 30.597952,
  "adjustedPE": 20.597952,
  "muonPrice": 979.29,
  "tsmonPrice": 413.582222,
  "googlonPrice": 318.312353,
  "currentMuonValue": 149.3221392,
  "currentTSMonValue": 52.636014712245775,
  "currentGOOGLonValue": 42.52101963665509
}