{
  "tokenPrice": 1.3589099859383999e-09,
  "portfolioValue": 262.1201716172556,
  "profit": 60.183884617255615,
  "valuation": 1358.9099859383998,
  "nasdaqPE": 32.5793,
  "adjustedPE": 22.579300000000003,
  "muonPrice": 1035.894737,
  "tsmonPrice": 428.54,
  "googlonPrice": 371.509762,
  "currentMuonValue": 157.95322949776002,
  "currentTSMonValue": 54.53966961081273,
  "currentGOOGLonValue": 49.62727250868288
}