{
  "tokenPrice": 9.263301976498439e-10,
  "portfolioValue": 238.98949490599375,
  "profit": 37.05320790599376,
  "valuation": 926.330197649844,
  "nasdaqPE": 35,
  "adjustedPE": 25,
  "muonPrice": 892.853333,
  "tsmonPrice": 428.075,
  "googlonPrice": 362.073333,
  "currentMuonValue": 136.14227621584,
  "currentTSMonValue": 54.48048972942703,
  "currentGOOGLonValue": 48.36672896072669
}