{
  "tokenPrice": 9.846091043171601e-10,
  "portfolioValue": 246.7410651272595,
  "profit": 44.80477812725951,
  "valuation": 984.6091043171602,
  "nasdaqPE": 31.975538,
  "adjustedPE": 21.975538,
  "muonPrice": 940.2575,
  "tsmonPrice": 430.6375,
  "googlonPrice": 363.55,
  "currentMuonValue": 143.37046360000002,
  "currentTSMonValue": 54.80661541985898,
  "currentGOOGLonValue": 48.56398610740049
}