{
  "tokenPrice": 9.408825684691154e-10,
  "portfolioValue": 245.47390039442973,
  "profit": 43.53761339442974,
  "valuation": 940.8825684691154,
  "nasdaqPE": 31.610798,
  "adjustedPE": 21.610798,
  "muonPrice": 945.115,
  "tsmonPrice": 425.940192,
  "googlonPrice": 352.994615,
  "currentMuonValue": 144.1111352,
  "currentTSMonValue": 54.20879578486522,
  "currentGOOGLonValue": 47.153969409564525
}