{
  "tokenPrice": 9.953736839751578e-10,
  "portfolioValue": 247.27115740438998,
  "profit": 45.33487040438999,
  "valuation": 995.3736839751579,
  "nasdaqPE": 31.956028,
  "adjustedPE": 21.956028,
  "muonPrice": 946.6,
  "tsmonPrice": 427.125,
  "googlonPrice": 363.625,
  "currentMuonValue": 144.337568,
  "currentTSMonValue": 54.35958459541323,
  "currentGOOGLonValue": 48.57400480897676
}