{
  "tokenPrice": 9.291645482258954e-10,
  "portfolioValue": 244.91021815499923,
  "profit": 42.973931154999235,
  "valuation": 929.1645482258954,
  "nasdaqPE": 31.621586,
  "adjustedPE": 21.621586,
  "muonPrice": 918.98,
  "tsmonPrice": 435.5075,
  "googlonPrice": 369.492,
  "currentMuonValue": 140.1260704,
  "currentTSMonValue": 55.426413317382334,
  "currentGOOGLonValue": 49.35773443761689
}