{
  "tokenPrice": 1.8481479872859145e-09,
  "portfolioValue": 282.8400456454991,
  "profit": 80.90375864549912,
  "valuation": 1848.1479872859145,
  "nasdaqPE": 32.843784,
  "adjustedPE": 22.843784,
  "muonPrice": 1149.035,
  "tsmonPrice": 471.105,
  "googlonPrice": 356.92,
  "currentMuonValue": 175.20485680000002,
  "currentTSMonValue": 59.95685595744139,
  "currentGOOGLonValue": 47.67833288805771
}