{
  "tokenPrice": 1.4107267634356099e-09,
  "portfolioValue": 263.93777064030934,
  "profit": 62.001483640309345,
  "valuation": 1410.7267634356099,
  "nasdaqPE": 32.753113,
  "adjustedPE": 22.753113,
  "muonPrice": 1045.546667,
  "tsmonPrice": 432.37,
  "googlonPrice": 370.45,
  "currentMuonValue": 159.42495578416,
  "currentTSMonValue": 55.02710820373151,
  "currentGOOGLonValue": 49.485706652417846
}