{
  "tokenPrice": 7.433840072423602e-10,
  "portfolioValue": 237.48476982048706,
  "profit": 35.54848282048707,
  "valuation": 743.3840072423602,
  "nasdaqPE": 30.911835,
  "adjustedPE": 20.911835,
  "muonPrice": 904.107273,
  "tsmonPrice": 409.7575,
  "googlonPrice": 355.414656,
  "currentMuonValue": 137.85827698704,
  "currentTSMonValue": 52.14924784279786,
  "currentGOOGLonValue": 47.47724499064921
}