{
  "tokenPrice": 1.1017795037953463e-09,
  "portfolioValue": 252.4642101493206,
  "profit": 50.5279231493206,
  "valuation": 1101.7795037953463,
  "nasdaqPE": 31.805359,
  "adjustedPE": 21.805359,
  "muonPrice": 976.522222,
  "tsmonPrice": 437.521429,
  "googlonPrice": 358.44,
  "currentMuonValue": 148.90010841056002,
  "currentTSMonValue": 55.682723165423674,
  "currentGOOGLonValue": 47.881378573336896
}