{
  "tokenPrice": 1.878171608091636e-09,
  "portfolioValue": 284.166046080573,
  "profit": 82.22975908057299,
  "valuation": 1878.171608091636,
  "nasdaqPE": 32.840534,
  "adjustedPE": 22.840533999999998,
  "muonPrice": 1153.755,
  "tsmonPrice": 475.672973,
  "googlonPrice": 357.106667,
  "currentMuonValue": 175.9245624,
  "currentTSMonValue": 60.53821531295339,
  "currentGOOGLonValue": 47.703268367619565
}