{
  "tokenPrice": 1.1125929648359087e-09,
  "portfolioValue": 252.59768123150894,
  "profit": 50.66139423150895,
  "valuation": 1112.5929648359088,
  "nasdaqPE": 31.961357,
  "adjustedPE": 21.961357,
  "muonPrice": 988.875641,
  "tsmonPrice": 423.019583,
  "googlonPrice": 359.154545,
  "currentMuonValue": 150.78375773968,
  "currentTSMonValue": 53.83709407692111,
  "currentGOOGLonValue": 47.976829414907826
}