{
  "tokenPrice": 1.868599585836514e-09,
  "portfolioValue": 283.1495747518554,
  "profit": 81.21328775185543,
  "valuation": 1868.5995858365143,
  "nasdaqPE": 33.008545,
  "adjustedPE": 23.008544999999998,
  "muonPrice": 1150.935294,
  "tsmonPrice": 462.296667,
  "googlonPrice": 365.46,
  "currentMuonValue": 175.49461362912,
  "currentTSMonValue": 58.83583208185913,
  "currentGOOGLonValue": 48.819129040876305
}