{
  "tokenPrice": 1.1095421649942512e-09,
  "portfolioValue": 252.8202080119976,
  "profit": 50.883921011997614,
  "valuation": 1109.5421649942512,
  "nasdaqPE": 31.805359,
  "adjustedPE": 21.805359,
  "muonPrice": 976.522222,
  "tsmonPrice": 437.521429,
  "googlonPrice": 361.105,
  "currentMuonValue": 148.90010841056002,
  "currentTSMonValue": 55.682723165423674,
  "currentGOOGLonValue": 48.237376436013896
}