{
  "tokenPrice": 1.0012184585897178e-09,
  "portfolioValue": 248.57778417888514,
  "profit": 46.641497178885146,
  "valuation": 1001.2184585897179,
  "nasdaqPE": 31.466259,
  "adjustedPE": 21.466259,
  "muonPrice": 971.811538,
  "tsmonPrice": 424.133333,
  "googlonPrice": 347.478571,
  "currentMuonValue": 148.18182331424,
  "currentTSMonValue": 53.978839437982025,
  "currentGOOGLonValue": 46.41712142666311
}