{
  "tokenPrice": 5.14984098727662e-10,
  "portfolioValue": 226.05271340318205,
  "profit": 24.11642640318206,
  "valuation": 514.984098727662,
  "nasdaqPE": 31.35408,
  "adjustedPE": 21.35408,
  "muonPrice": 830.951731,
  "tsmonPrice": 408.93,
  "googlonPrice": 354.127179,
  "currentMuonValue": 126.70351994288,
  "currentTSMonValue": 52.043933107643745,
  "currentGOOGLonValue": 47.3052603526583
}