{
  "tokenPrice": 1.9057552052563324e-09,
  "portfolioValue": 285.59404599644205,
  "profit": 83.65775899644206,
  "valuation": 1905.7552052563324,
  "nasdaqPE": 32.780376,
  "adjustedPE": 22.780375999999997,
  "muonPrice": 1180.798889,
  "tsmonPrice": 467.105,
  "googlonPrice": 345.09,
  "currentMuonValue": 180.04821459471998,
  "currentTSMonValue": 59.447781708962246,
  "currentGOOGLonValue": 46.098049692759815
}