{
  "tokenPrice": 1.6172313918686674e-09,
  "portfolioValue": 274.6091836124836,
  "profit": 72.67289661248361,
  "valuation": 1617.2313918686673,
  "nasdaqPE": 32.25357,
  "adjustedPE": 22.253570000000003,
  "muonPrice": 1114.4175,
  "tsmonPrice": 451.615556,
  "googlonPrice": 353.386667,
  "currentMuonValue": 169.9263804,
  "currentTSMonValue": 57.47646244304732,
  "currentGOOGLonValue": 47.20634076943628
}