{
  "tokenPrice": 1.1080274993944645e-09,
  "portfolioValue": 252.75074501440207,
  "profit": 50.81445801440208,
  "valuation": 1108.0274993944645,
  "nasdaqPE": 31.805359,
  "adjustedPE": 21.805359,
  "muonPrice": 976.522222,
  "tsmonPrice": 437.521429,
  "googlonPrice": 360.585,
  "currentMuonValue": 148.90010841056002,
  "currentTSMonValue": 55.682723165423674,
  "currentGOOGLonValue": 48.16791343841838
}