{
  "tokenPrice": 7.655589404566863e-10,
  "portfolioValue": 237.58913945366749,
  "profit": 35.65285245366749,
  "valuation": 765.5589404566863,
  "nasdaqPE": 31.472586,
  "adjustedPE": 21.472586,
  "muonPrice": 886.927664,
  "tsmonPrice": 420.688864,
  "googlonPrice": 365.391229,
  "currentMuonValue": 135.23873020672002,
  "currentTSMonValue": 53.54046682108585,
  "currentGOOGLonValue": 48.809942425861614
}