{
  "tokenPrice": 1.2643559403717903e-09,
  "portfolioValue": 258.4616808751855,
  "profit": 56.5253938751855,
  "valuation": 1264.3559403717902,
  "nasdaqPE": 32.367928,
  "adjustedPE": 22.367928,
  "muonPrice": 1013.385,
  "tsmonPrice": 441.733333,
  "googlonPrice": 357.246667,
  "currentMuonValue": 154.5209448,
  "currentTSMonValue": 56.218766131290245,
  "currentGOOGLonValue": 47.721969943895274
}