{
  "tokenPrice": 1.702308764941855e-09,
  "portfolioValue": 278.3039266739063,
  "profit": 76.3676396739063,
  "valuation": 1702.308764941855,
  "nasdaqPE": 32.29097,
  "adjustedPE": 22.29097,
  "muonPrice": 1137.19,
  "tsmonPrice": 454.668,
  "googlonPrice": 352.143333,
  "currentMuonValue": 173.39873120000001,
  "currentTSMonValue": 57.864942601878475,
  "currentGOOGLonValue": 47.040252872027786
}