{
  "tokenPrice": 9.136835774040475e-10,
  "portfolioValue": 243.93442186704652,
  "profit": 41.99813486704653,
  "valuation": 913.6835774040475,
  "nasdaqPE": 31.755337,
  "adjustedPE": 21.755337,
  "muonPrice": 930.355,
  "tsmonPrice": 428.75,
  "googlonPrice": 355.641111,
  "currentMuonValue": 141.86053040000002,
  "currentTSMonValue": 54.566396008857886,
  "currentGOOGLonValue": 47.50749545818862
}