{
  "tokenPrice": 9.937715824097314e-10,
  "portfolioValue": 248.2657917109256,
  "profit": 46.32950471092562,
  "valuation": 993.7715824097314,
  "nasdaqPE": 31.45008,
  "adjustedPE": 21.45008,
  "muonPrice": 970.94,
  "tsmonPrice": 421.751429,
  "googlonPrice": 348.407143,
  "currentMuonValue": 148.04893120000003,
  "currentTSMonValue": 53.675697940794656,
  "currentGOOGLonValue": 46.541162570130915
}