{
  "tokenPrice": 1.1401233626562468e-09,
  "portfolioValue": 253.24393757205425,
  "profit": 51.30765057205426,
  "valuation": 1140.1233626562469,
  "nasdaqPE": 32.221313,
  "adjustedPE": 22.221313000000002,
  "muonPrice": 982.766667,
  "tsmonPrice": 435.794,
  "googlonPrice": 358.795,
  "currentMuonValue": 149.85226138416,
  "currentTSMonValue": 55.46287576042965,
  "currentGOOGLonValue": 47.92880042746461
}