{
  "tokenPrice": 4.765766488927744e-10,
  "portfolioValue": 224.75787605961847,
  "profit": 22.821589059618475,
  "valuation": 476.5766488927744,
  "nasdaqPE": 30.882711,
  "adjustedPE": 20.882711,
  "muonPrice": 838.045,
  "tsmonPrice": 397.88,
  "googlonPrice": 346.865,
  "currentMuonValue": 127.7851016,
  "currentTSMonValue": 50.637615496220114,
  "currentGOOGLonValue": 46.33515896339835
}