{
  "tokenPrice": 1.4305580358456312e-09,
  "portfolioValue": 259.15860843382524,
  "profit": 57.22232143382524,
  "valuation": 1430.5580358456311,
  "muonPrice": 1009.788160777485,
  "tsmonPrice": 427.23905278527434,
  "googlonPrice": 380.3787049815639,
  "currentMuonValue": 153.97249875535093,
  "currentTSMonValue": 54.374099929400856,
  "currentGOOGLonValue": 50.81200974907346
}