{
  "tokenPrice": 1.929149416859656e-09,
  "portfolioValue": 289.74849653363975,
  "profit": 87.81220953363976,
  "valuation": 1929.149416859656,
  "nasdaqPE": 31.969034,
  "adjustedPE": 21.969034,
  "muonPrice": 1233.18,
  "tsmonPrice": 441.374444,
  "googlonPrice": 340.913333,
  "currentMuonValue": 188.03528640000002,
  "currentTSMonValue": 56.17309084429963,
  "currentGOOGLonValue": 45.540119289340105
}