{
  "tokenPrice": 9.650262854164722e-10,
  "portfolioValue": 247.18737282844333,
  "profit": 45.25108582844334,
  "valuation": 965.0262854164723,
  "nasdaqPE": 31.326036,
  "adjustedPE": 21.326036,
  "muonPrice": 978.235294,
  "tsmonPrice": 419.833571,
  "googlonPrice": 333.83398,
  "currentMuonValue": 149.16131762912,
  "currentTSMonValue": 53.43161491078473,
  "currentGOOGLonValue": 44.59444028853861
}