{
  "tokenPrice": 1.5262385972529407e-09,
  "portfolioValue": 269.5993424276368,
  "profit": 67.66305542763683,
  "valuation": 1526.2385972529407,
  "nasdaqPE": 32.556454,
  "adjustedPE": 22.556454000000002,
  "muonPrice": 1070.97,
  "tsmonPrice": 457.136667,
  "googlonPrice": 360.216667,
  "currentMuonValue": 163.3015056,
  "currentTSMonValue": 58.17912630132104,
  "currentGOOGLonValue": 48.11871052631579
}