{
  "tokenPrice": 5.014489975019759e-10,
  "portfolioValue": 225.94892585239688,
  "profit": 24.01263885239689,
  "valuation": 501.4489975019759,
  "nasdaqPE": 30.882711,
  "adjustedPE": 20.882711,
  "muonPrice": 845.735,
  "tsmonPrice": 398.55,
  "googlonPrice": 346.365,
  "currentMuonValue": 128.9576728,
  "currentTSMonValue": 50.72288543284038,
  "currentGOOGLonValue": 46.26836761955651
}