{
  "tokenPrice": 1.078810878673156e-09,
  "portfolioValue": 251.05942992204967,
  "profit": 49.12314292204968,
  "valuation": 1078.8108786731561,
  "nasdaqPE": 31.961357,
  "adjustedPE": 21.961357,
  "muonPrice": 977.666667,
  "tsmonPrice": 426.523333,
  "googlonPrice": 357.095714,
  "currentMuonValue": 149.07461338416,
  "currentTSMonValue": 54.283011301448305,
  "currentGOOGLonValue": 47.70180523644136
}