{
  "tokenPrice": 5.074562809918217e-10,
  "portfolioValue": 226.23659365040672,
  "profit": 24.300306650406725,
  "valuation": 507.4562809918217,
  "nasdaqPE": 30.882711,
  "adjustedPE": 20.882711,
  "muonPrice": 845.485,
  "tsmonPrice": 400.69,
  "googlonPrice": 346.765,
  "currentMuonValue": 128.91955280000002,
  "currentTSMonValue": 50.99524015577671,
  "currentGOOGLonValue": 46.32180069462998
}