{
  "tokenPrice": 9.231762574411592e-10,
  "portfolioValue": 244.8183047883736,
  "profit": 42.882017788373616,
  "valuation": 923.1762574411591,
  "nasdaqPE": 31.528284,
  "adjustedPE": 21.528284,
  "muonPrice": 920.18,
  "tsmonPrice": 434.3888,
  "googlonPrice": 368.5,
  "currentMuonValue": 140.3090464,
  "currentTSMonValue": 55.28403797693893,
  "currentGOOGLonValue": 49.225220411434684
}