{
  "tokenPrice": 4.935079382150389e-10,
  "portfolioValue": 225.56865629415145,
  "profit": 23.63236929415146,
  "valuation": 493.5079382150389,
  "nasdaqPE": 30.882711,
  "adjustedPE": 20.882711,
  "muonPrice": 842.465,
  "tsmonPrice": 399.06,
  "googlonPrice": 346.765,
  "currentMuonValue": 128.4590632,
  "currentTSMonValue": 50.787792399521464,
  "currentGOOGLonValue": 46.32180069462998
}