{
  "tokenPrice": 9.055270586610339e-10,
  "portfolioValue": 245.59875714772247,
  "profit": 43.66247014772247,
  "valuation": 905.5270586610338,
  "nasdaqPE": 30.739254,
  "adjustedPE": 20.739254,
  "muonPrice": 985.062609,
  "tsmonPrice": 414.29,
  "googlonPrice": 319.43,
  "currentMuonValue": 150.20234662032,
  "currentTSMonValue": 52.726092600605796,
  "currentGOOGLonValue": 42.67031792679669
}