{
  "tokenPrice": 9.387096179269782e-10,
  "portfolioValue": 245.9533569293098,
  "profit": 44.0170699293098,
  "valuation": 938.7096179269781,
  "nasdaqPE": 31.326036,
  "adjustedPE": 21.326036,
  "muonPrice": 971.089474,
  "tsmonPrice": 421.79,
  "googlonPrice": 330.888889,
  "currentMuonValue": 148.07172299552,
  "currentTSMonValue": 53.68060681650418,
  "currentGOOGLonValue": 44.201027117285605
}