{
  "tokenPrice": 7.085610611266744e-10,
  "portfolioValue": 234.93469069141725,
  "profit": 32.99840369141725,
  "valuation": 708.5610611266744,
  "nasdaqPE": 31.472586,
  "adjustedPE": 21.472586,
  "muonPrice": 876.14,
  "tsmonPrice": 412.635294,
  "googlonPrice": 365.506667,
  "currentMuonValue": 133.5938272,
  "currentTSMonValue": 52.51550054725481,
  "currentGOOGLonValue": 48.825362944162435
}