{
  "tokenPrice": 1.1415257689218293e-09,
  "portfolioValue": 254.28698523532046,
  "profit": 52.350698235320465,
  "valuation": 1141.5257689218292,
  "nasdaqPE": 31.805359,
  "adjustedPE": 21.805359,
  "muonPrice": 987.845,
  "tsmonPrice": 437.616667,
  "googlonPrice": 359.07,
  "currentMuonValue": 150.6266056,
  "currentTSMonValue": 55.69484396874284,
  "currentGOOGLonValue": 47.965535666577615
}