{
  "tokenPrice": 1.07742678574994e-09,
  "portfolioValue": 250.99640590567327,
  "profit": 49.06011890567328,
  "valuation": 1077.42678574994,
  "nasdaqPE": 31.961357,
  "adjustedPE": 21.961357,
  "muonPrice": 978.892857,
  "tsmonPrice": 422.166667,
  "googlonPrice": 359.375,
  "currentMuonValue": 149.26158283536,
  "currentTSMonValue": 53.728544683992155,
  "currentGOOGLonValue": 48.006278386321135
}