{
  "tokenPrice": 9.338723434935277e-10,
  "portfolioValue": 246.95145511190543,
  "profit": 45.01516811190544,
  "valuation": 933.8723434935276,
  "nasdaqPE": 30.745726,
  "adjustedPE": 20.745726,
  "muonPrice": 991.925,
  "tsmonPrice": 416.833333,
  "googlonPrice": 319.3,
  "currentMuonValue": 151.248724,
  "currentTSMonValue": 53.04977893450759,
  "currentGOOGLonValue": 42.652952177397815
}