{
  "tokenPrice": 1.103891297179664e-09,
  "portfolioValue": 252.56105759789128,
  "profit": 50.624770597891285,
  "valuation": 1103.891297179664,
  "nasdaqPE": 31.805359,
  "adjustedPE": 21.805359,
  "muonPrice": 976.522222,
  "tsmonPrice": 437.521429,
  "googlonPrice": 359.165,
  "currentMuonValue": 148.90010841056002,
  "currentTSMonValue": 55.682723165423674,
  "currentGOOGLonValue": 47.97822602190757
}