{
  "tokenPrice": 8.930466181697302e-10,
  "portfolioValue": 245.24928683076948,
  "profit": 43.312999830769485,
  "valuation": 893.0466181697302,
  "nasdaqPE": 30.618443,
  "adjustedPE": 20.618443,
  "muonPrice": 985.566667,
  "tsmonPrice": 413.863333,
  "googlonPrice": 316.645,
  "currentMuonValue": 150.27920538416,
  "currentTSMonValue": 52.67179130501183,
  "currentGOOGLonValue": 42.29829014159765
}