{
  "tokenPrice": 1.1555505203138086e-09,
  "portfolioValue": 255.45802406472802,
  "profit": 53.52173706472803,
  "valuation": 1155.5505203138086,
  "nasdaqPE": 31.590303,
  "adjustedPE": 21.590303,
  "muonPrice": 992.398667,
  "tsmonPrice": 442.055,
  "googlonPrice": 358.41,
  "currentMuonValue": 151.32094874416,
  "currentTSMonValue": 56.259704227861626,
  "currentGOOGLonValue": 47.87737109270639
}