{
  "tokenPrice": 1.2359852851013873e-09,
  "portfolioValue": 257.45428144972396,
  "profit": 55.51799444972397,
  "valuation": 1235.9852851013873,
  "nasdaqPE": 32.262787,
  "adjustedPE": 22.262787000000003,
  "muonPrice": 989.53,
  "tsmonPrice": 453.95,
  "googlonPrice": 365.295714,
  "currentMuonValue": 150.8835344,
  "currentTSMonValue": 57.77356377427647,
  "currentGOOGLonValue": 48.7971832754475
}