{
  "tokenPrice": 1.9559873041580814e-09,
  "portfolioValue": 291.99208301244903,
  "profit": 90.05579601244904,
  "valuation": 1955.9873041580815,
  "nasdaqPE": 31.719727,
  "adjustedPE": 21.719727,
  "muonPrice": 1239.868,
  "tsmonPrice": 451.134194,
  "googlonPrice": 340.776271,
  "currentMuonValue": 189.05507264,
  "currentTSMonValue": 57.41520019344821,
  "currentGOOGLonValue": 45.52181017900081
}