{
  "tokenPrice": 1.582940351953205e-09,
  "portfolioValue": 265.2539010781282,
  "profit": 63.3176140781282,
  "valuation": 1582.940351953205,
  "muonPrice": 1036.9728778261244,
  "tsmonPrice": 444.7003180204311,
  "googlonPrice": 378.3417409463105,
  "nasdaqPE": 36.23,
  "adjustedPE": 26.23,
  "currentMuonValue": 158.11762441092745,
  "currentTSMonValue": 56.596370048671446,
  "currentGOOGLonValue": 50.53990661852932
}