{
  "tokenPrice": 1.8561128125625766e-09,
  "portfolioValue": 283.3539424580279,
  "profit": 81.41765545802792,
  "valuation": 1856.1128125625767,
  "nasdaqPE": 32.797424,
  "adjustedPE": 22.797424,
  "muonPrice": 1153.815,
  "tsmonPrice": 469.395,
  "googlonPrice": 356.94,
  "currentMuonValue": 175.9337112,
  "currentTSMonValue": 59.73922671621655,
  "currentGOOGLonValue": 47.68100454181138
}