{
  "tokenPrice": 1.1360863621646623e-09,
  "portfolioValue": 253.06226511680444,
  "profit": 51.12597811680445,
  "valuation": 1136.0863621646622,
  "nasdaqPE": 32.221313,
  "adjustedPE": 22.221313000000002,
  "muonPrice": 982.766667,
  "tsmonPrice": 435.794,
  "googlonPrice": 357.435,
  "currentMuonValue": 149.85226138416,
  "currentTSMonValue": 55.46287576042965,
  "currentGOOGLonValue": 47.747127972214805
}