{
  "tokenPrice": 1.1259704135560604e-09,
  "portfolioValue": 252.6070288034236,
  "profit": 50.670741803423596,
  "valuation": 1125.9704135560603,
  "nasdaqPE": 32.221313,
  "adjustedPE": 22.221313000000002,
  "muonPrice": 980.57,
  "tsmonPrice": 435.106,
  "googlonPrice": 357.19,
  "currentMuonValue": 149.51731360000002,
  "currentTSMonValue": 55.37531498969124,
  "currentGOOGLonValue": 47.714400213732304
}