{
  "tokenPrice": 6.168584735605113e-10,
  "portfolioValue": 231.6929783676781,
  "profit": 29.756691367678116,
  "valuation": 616.8584735605112,
  "nasdaqPE": 30.730076,
  "adjustedPE": 20.730076,
  "muonPrice": 864.148,
  "tsmonPrice": 408.13,
  "googlonPrice": 359.22,
  "currentMuonValue": 131.76528704,
  "currentTSMonValue": 51.94211825794792,
  "currentGOOGLonValue": 47.98557306973017
}