{
  "tokenPrice": 1.866448105539962e-09,
  "portfolioValue": 283.0560668704769,
  "profit": 81.11977987047692,
  "valuation": 1866.4481055399622,
  "nasdaqPE": 33.008545,
  "adjustedPE": 23.008544999999998,
  "muonPrice": 1150.935294,
  "tsmonPrice": 462.296667,
  "googlonPrice": 364.76,
  "currentMuonValue": 175.49461362912,
  "currentTSMonValue": 58.83583208185913,
  "currentGOOGLonValue": 48.725621159497734
}