{
  "tokenPrice": 1.1153211126915876e-09,
  "portfolioValue": 252.68162433165418,
  "profit": 50.745337331654184,
  "valuation": 1115.3211126915876,
  "nasdaqPE": 31.97879,
  "adjustedPE": 21.97879,
  "muonPrice": 988.33913,
  "tsmonPrice": 423.421429,
  "googlonPrice": 360.0125,
  "currentMuonValue": 150.7019505424,
  "currentTSMonValue": 53.8882364395347,
  "currentGOOGLonValue": 48.09143734971948
}