{
  "tokenPrice": 1.507875257163318e-09,
  "portfolioValue": 259.41617536708344,
  "profit": 57.47988836708345,
  "valuation": 1507.875257163318,
  "nasdaqPE": 36.233093,
  "adjustedPE": 26.233092999999997,
  "muonPrice": 1012.8536781664337,
  "tsmonPrice": 435.67686182215886,
  "googlonPrice": 370.76869485200115,
  "currentMuonValue": 154.43992884681782,
  "currentTSMonValue": 55.44796775296648,
  "currentGOOGLonValue": 49.52827876729911
}