{
  "tokenPrice": 1.4298501459772416e-09,
  "portfolioValue": 263.67846892868425,
  "profit": 61.74218192868426,
  "valuation": 1429.8501459772417,
  "nasdaqPE": 33.1584,
  "adjustedPE": 23.1584,
  "muonPrice": 1030.846667,
  "tsmonPrice": 446.805,
  "googlonPrice": 371.535714,
  "currentMuonValue": 157.18349978416,
  "currentTSMonValue": 56.864229897930606,
  "currentGOOGLonValue": 49.63073924659364
}