{
  "tokenPrice": 1.4527482913603105e-09,
  "portfolioValue": 267.73223852812146,
  "profit": 65.79595152812146,
  "valuation": 1452.7482913603105,
  "nasdaqPE": 32.0796,
  "adjustedPE": 22.0796,
  "muonPrice": 1083.265,
  "tsmonPrice": 441.258,
  "googlonPrice": 347.333333,
  "currentMuonValue": 165.1762472,
  "currentTSMonValue": 56.15827118385216,
  "currentGOOGLonValue": 46.3977201442693
}