{
  "tokenPrice": 1.235338967552843e-09,
  "portfolioValue": 258.3948360438223,
  "profit": 56.4585490438223,
  "valuation": 1235.338967552843,
  "nasdaqPE": 31.880459,
  "adjustedPE": 21.880459,
  "muonPrice": 1017.2,
  "tsmonPrice": 441.145455,
  "googlonPrice": 352.951667,
  "currentMuonValue": 155.10265600000002,
  "currentTSMonValue": 56.14394774352839,
  "currentGOOGLonValue": 47.148232300293884
}