{
  "tokenPrice": 1.870920111013512e-09,
  "portfolioValue": 283.25042968105663,
  "profit": 81.31414268105664,
  "valuation": 1870.920111013512,
  "nasdaqPE": 33.008545,
  "adjustedPE": 23.008544999999998,
  "muonPrice": 1150.935294,
  "tsmonPrice": 462.296667,
  "googlonPrice": 366.215,
  "currentMuonValue": 175.49461362912,
  "currentTSMonValue": 58.83583208185913,
  "currentGOOGLonValue": 48.919983970077475
}