{
  "tokenPrice": 1.8643273606762157e-09,
  "portfolioValue": 282.96389481597515,
  "profit": 81.02760781597516,
  "valuation": 1864.327360676216,
  "nasdaqPE": 33.008545,
  "adjustedPE": 23.008544999999998,
  "muonPrice": 1150.935294,
  "tsmonPrice": 462.296667,
  "googlonPrice": 364.07,
  "currentMuonValue": 175.49461362912,
  "currentTSMonValue": 58.83583208185913,
  "currentGOOGLonValue": 48.633449104996
}