{
  "tokenPrice": 1.802480544779019e-09,
  "portfolioValue": 284.00294791984487,
  "profit": 82.06666091984488,
  "valuation": 1802.4805447790188,
  "nasdaqPE": 31.963615,
  "adjustedPE": 21.963615,
  "muonPrice": 1198.575,
  "tsmonPrice": 435.866667,
  "googlonPrice": 342.65,
  "currentMuonValue": 182.75871600000002,
  "currentTSMonValue": 55.472123985033214,
  "currentGOOGLonValue": 45.77210793481165
}