{
  "tokenPrice": 5.218526845110946e-10,
  "portfolioValue": 226.37436555506275,
  "profit": 24.43807855506276,
  "valuation": 521.8526845110946,
  "nasdaqPE": 31.35408,
  "adjustedPE": 21.35408,
  "muonPrice": 831.58,
  "tsmonPrice": 407.077,
  "googlonPrice": 357.583333,
  "currentMuonValue": 126.7993184,
  "currentTSMonValue": 51.80810446203578,
  "currentGOOGLonValue": 47.766942693026984
}