{
  "tokenPrice": 4.860450387283676e-10,
  "portfolioValue": 225.2112841365484,
  "profit": 23.274997136548393,
  "valuation": 486.0450387283676,
  "nasdaqPE": 30.882711,
  "adjustedPE": 20.882711,
  "muonPrice": 840.645,
  "tsmonPrice": 398.485,
  "googlonPrice": 346.715,
  "currentMuonValue": 128.1815496,
  "currentTSMonValue": 50.71461297630259,
  "currentGOOGLonValue": 46.31512156024579
}