{
  "tokenPrice": 6.960153869449509e-10,
  "portfolioValue": 234.1441509844287,
  "profit": 32.20786398442871,
  "valuation": 696.0153869449508,
  "nasdaqPE": 31.610107,
  "adjustedPE": 21.610107,
  "muonPrice": 863.895,
  "tsmonPrice": 413.535,
  "googlonPrice": 372.70875,
  "currentMuonValue": 131.7267096,
  "currentTSMonValue": 52.63000483620536,
  "currentGOOGLonValue": 49.787436548223354
}