{
  "tokenPrice": 1.8541937883331894e-09,
  "portfolioValue": 283.1162536475919,
  "profit": 81.17996664759193,
  "valuation": 1854.1937883331893,
  "nasdaqPE": 32.840534,
  "adjustedPE": 22.840533999999998,
  "muonPrice": 1146.6825,
  "tsmonPrice": 476.225,
  "googlonPrice": 356.795,
  "currentMuonValue": 174.8461476,
  "currentTSMonValue": 60.60847099549469,
  "currentGOOGLonValue": 47.66163505209725
}