{
  "tokenPrice": 1.104779706810308e-09,
  "portfolioValue": 252.6018003176348,
  "profit": 50.665513317634804,
  "valuation": 1104.779706810308,
  "nasdaqPE": 31.805359,
  "adjustedPE": 21.805359,
  "muonPrice": 976.522222,
  "tsmonPrice": 437.521429,
  "googlonPrice": 359.47,
  "currentMuonValue": 148.90010841056002,
  "currentTSMonValue": 55.682723165423674,
  "currentGOOGLonValue": 48.018968741651086
}