{
  "tokenPrice": 5.721077265630583e-10,
  "portfolioValue": 229.2647665196834,
  "profit": 27.328479519683412,
  "valuation": 572.1077265630582,
  "nasdaqPE": 30.934488,
  "adjustedPE": 20.934488,
  "muonPrice": 870.444,
  "tsmonPrice": 396.69,
  "googlonPrice": 344.755,
  "currentMuonValue": 132.72530112,
  "currentTSMonValue": 50.486165907297575,
  "currentGOOGLonValue": 46.05329949238579
}