{
  "tokenPrice": 9.796330995085584e-10,
  "portfolioValue": 247.53099813210403,
  "profit": 45.59471113210404,
  "valuation": 979.6330995085583,
  "nasdaqPE": 31.485674,
  "adjustedPE": 21.485674,
  "muonPrice": 967.492,
  "tsmonPrice": 419.156,
  "googlonPrice": 349.315,
  "currentMuonValue": 147.52318016,
  "currentTSMonValue": 53.34538142388067,
  "currentGOOGLonValue": 46.662436548223354
}