{
  "tokenPrice": 2.086831676934397e-09,
  "portfolioValue": 292.90009630383304,
  "profit": 90.96380930383305,
  "valuation": 2086.831676934397,
  "nasdaqPE": 32.94134,
  "adjustedPE": 22.941339999999997,
  "muonPrice": 1224.759615,
  "tsmonPrice": 467.65,
  "googlonPrice": 349.084211,
  "currentMuonValue": 186.7513460952,
  "currentTSMonValue": 59.51714307531753,
  "currentGOOGLonValue": 46.631607133315526
}