{
  "tokenPrice": 1.1547001339351615e-09,
  "portfolioValue": 254.13810933639007,
  "profit": 52.20182233639008,
  "valuation": 1154.7001339351616,
  "nasdaqPE": 32.11992,
  "adjustedPE": 22.11992,
  "muonPrice": 986.213636,
  "tsmonPrice": 440.444667,
  "googlonPrice": 357.123333,
  "currentMuonValue": 150.37785521728,
  "currentTSMonValue": 56.054759462417586,
  "currentGOOGLonValue": 47.705494656692494
}