{
  "tokenPrice": 1.1069934488407647e-09,
  "portfolioValue": 252.70332316027438,
  "profit": 50.76703616027439,
  "valuation": 1106.9934488407646,
  "nasdaqPE": 31.805359,
  "adjustedPE": 21.805359,
  "muonPrice": 976.522222,
  "tsmonPrice": 437.521429,
  "googlonPrice": 360.23,
  "currentMuonValue": 148.90010841056002,
  "currentTSMonValue": 55.682723165423674,
  "currentGOOGLonValue": 48.12049158429068
}