{
  "tokenPrice": 1.3064701510702788e-09,
  "portfolioValue": 260.80087737465493,
  "profit": 58.86459037465494,
  "valuation": 1306.470151070279,
  "nasdaqPE": 32.1945,
  "adjustedPE": 22.194499999999998,
  "muonPrice": 1026.15,
  "tsmonPrice": 435.651111,
  "googlonPrice": 365.981818,
  "currentMuonValue": 156.467352,
  "currentTSMonValue": 55.44469048285692,
  "currentGOOGLonValue": 48.88883489179802
}