{
  "tokenPrice": 1.2906457673190802e-09,
  "portfolioValue": 258.2001137208424,
  "profit": 56.26382672084242,
  "valuation": 1290.6457673190803,
  "nasdaqPE": 32.939175,
  "adjustedPE": 22.939175,
  "muonPrice": 1000.795,
  "tsmonPrice": 442.693333,
  "googlonPrice": 368.745,
  "currentMuonValue": 152.6012216,
  "currentTSMonValue": 56.34094395092524,
  "currentGOOGLonValue": 49.257948169917185
}