{
  "tokenPrice": 6.392378899928502e-10,
  "portfolioValue": 231.70624065126725,
  "profit": 29.769953651267258,
  "valuation": 639.2378899928502,
  "nasdaqPE": 31.472586,
  "adjustedPE": 21.472586,
  "muonPrice": 854.508571,
  "tsmonPrice": 413.475,
  "googlonPrice": 365.23,
  "currentMuonValue": 130.29546690608,
  "currentTSMonValue": 52.62236872247817,
  "currentGOOGLonValue": 48.788405022709064
}