{
  "tokenPrice": 1.0190602043001845e-09,
  "portfolioValue": 249.3456158184788,
  "profit": 47.4093288184788,
  "valuation": 1019.0602043001845,
  "nasdaqPE": 31.49493,
  "adjustedPE": 21.49493,
  "muonPrice": 976.351667,
  "tsmonPrice": 422.358605,
  "googlonPrice": 349.735,
  "currentMuonValue": 148.87410218416,
  "currentTSMonValue": 53.752972357268305,
  "currentGOOGLonValue": 46.7185412770505
}