{
  "tokenPrice": 1.2327638230151567e-09,
  "portfolioValue": 257.3419504724099,
  "profit": 55.40566347240991,
  "valuation": 1232.7638230151567,
  "nasdaqPE": 32.24978,
  "adjustedPE": 22.24978,
  "muonPrice": 988.4,
  "tsmonPrice": 453.49,
  "googlonPrice": 366.182917,
  "currentMuonValue": 150.711232,
  "currentTSMonValue": 57.715020235701374,
  "currentGOOGLonValue": 48.91569823670852
}