{
  "tokenPrice": 1.3461762496245796e-09,
  "portfolioValue": 263.45213936120393,
  "profit": 61.51585236120394,
  "valuation": 1346.1762496245797,
  "nasdaqPE": 31.883404,
  "adjustedPE": 21.883404,
  "muonPrice": 1059.23,
  "tsmonPrice": 433.156,
  "googlonPrice": 350.446667,
  "currentMuonValue": 161.5113904,
  "currentTSMonValue": 55.127141293557656,
  "currentGOOGLonValue": 46.813607667646274
}