{
  "tokenPrice": 1.86283025040151e-09,
  "portfolioValue": 282.8988272389204,
  "profit": 80.96254023892038,
  "valuation": 1862.8302504015103,
  "nasdaqPE": 33.008545,
  "adjustedPE": 23.008544999999998,
  "muonPrice": 1148.73,
  "tsmonPrice": 462.603333,
  "googlonPrice": 365.808,
  "currentMuonValue": 175.15835040000002,
  "currentTSMonValue": 58.87486102273016,
  "currentGOOGLonValue": 48.86561581619022
}