{
  "tokenPrice": 1.203916799299353e-09,
  "portfolioValue": 256.3631022551796,
  "profit": 54.42681525517963,
  "valuation": 1203.916799299353,
  "nasdaqPE": 32.11992,
  "adjustedPE": 22.11992,
  "muonPrice": 1001.05,
  "tsmonPrice": 439.478431,
  "googlonPrice": 357.765,
  "currentMuonValue": 152.640104,
  "currentTSMonValue": 55.931787996029215,
  "currentGOOGLonValue": 47.79121025915042
}