{
  "tokenPrice": 1.1039932458258035e-09,
  "portfolioValue": 252.5657329919602,
  "profit": 50.62944599196021,
  "valuation": 1103.9932458258036,
  "nasdaqPE": 31.805359,
  "adjustedPE": 21.805359,
  "muonPrice": 976.522222,
  "tsmonPrice": 437.521429,
  "googlonPrice": 359.2,
  "currentMuonValue": 148.90010841056002,
  "currentTSMonValue": 55.682723165423674,
  "currentGOOGLonValue": 47.98290141597649
}