{
  "tokenPrice": 8.056395856424003e-10,
  "portfolioValue": 239.45573554906625,
  "profit": 37.519448549066254,
  "valuation": 805.6395856424003,
  "nasdaqPE": 31.472586,
  "adjustedPE": 21.472586,
  "muonPrice": 899.142857,
  "tsmonPrice": 423.69,
  "googlonPrice": 362.562069,
  "currentMuonValue": 137.10130283536,
  "currentTSMonValue": 53.92241708453177,
  "currentGOOGLonValue": 48.432015629174465
}