{
  "tokenPrice": 1.1393070574097865e-09,
  "portfolioValue": 253.20720233294122,
  "profit": 51.27091533294123,
  "valuation": 1139.3070574097865,
  "nasdaqPE": 32.221313,
  "adjustedPE": 22.221313000000002,
  "muonPrice": 982.766667,
  "tsmonPrice": 435.794,
  "googlonPrice": 358.52,
  "currentMuonValue": 149.85226138416,
  "currentTSMonValue": 55.46287576042965,
  "currentGOOGLonValue": 47.89206518835159
}