{
  "tokenPrice": 1.777768393605352e-09,
  "portfolioValue": 269.27562647203746,
  "profit": 67.33933947203747,
  "valuation": 1777.768393605352,
  "nasdaqPE": 36.400146,
  "adjustedPE": 26.400146,
  "muonPrice": 1078.38,
  "tsmonPrice": 447.6325,
  "googlonPrice": 358.39,
  "currentMuonValue": 164.43138240000002,
  "currentTSMonValue": 56.96954463308473,
  "currentGOOGLonValue": 47.87469943895271
}