{
  "tokenPrice": 9.897925697831091e-10,
  "portfolioValue": 247.7805982068927,
  "profit": 45.84431120689271,
  "valuation": 989.7925697831092,
  "nasdaqPE": 31.590303,
  "adjustedPE": 21.590303,
  "muonPrice": 944.228571,
  "tsmonPrice": 436.333333,
  "googlonPrice": 361.3725,
  "currentMuonValue": 143.97597250608,
  "currentTSMonValue": 55.5315158958434,
  "currentGOOGLonValue": 48.27310980496928
}