{
  "tokenPrice": 1.8290708387118564e-09,
  "portfolioValue": 281.6644475482442,
  "profit": 79.7281605482442,
  "valuation": 1829.0708387118564,
  "nasdaqPE": 32.94134,
  "adjustedPE": 22.941339999999997,
  "muonPrice": 1164.538168,
  "tsmonPrice": 456.375556,
  "googlonPrice": 344.456364,
  "currentMuonValue": 177.56877985664002,
  "currentTSMonValue": 58.082260798737494,
  "currentGOOGLonValue": 46.01340689286669
}