{
  "tokenPrice": 1.0006677435434144e-09,
  "portfolioValue": 248.85863785523696,
  "profit": 46.92235085523697,
  "valuation": 1000.6677435434143,
  "nasdaqPE": 31.326036,
  "adjustedPE": 21.326036,
  "muonPrice": 990.83,
  "tsmonPrice": 422.96,
  "googlonPrice": 328.99,
  "currentMuonValue": 151.0817584,
  "currentTSMonValue": 53.82951103418433,
  "currentGOOGLonValue": 43.94736842105264
}