{
  "tokenPrice": 1.5793683461728671e-09,
  "portfolioValue": 270.0861517966948,
  "profit": 68.14986479669483,
  "valuation": 1579.3683461728672,
  "nasdaqPE": 33.17493,
  "adjustedPE": 23.174930000000003,
  "muonPrice": 1078.322,
  "tsmonPrice": 440.1475,
  "googlonPrice": 371.655,
  "currentMuonValue": 164.42253856,
  "currentTSMonValue": 56.016939445618135,
  "currentGOOGLonValue": 49.64667379107668
}