{
  "tokenPrice": 1.5597225112825786e-09,
  "portfolioValue": 272.1155013156232,
  "profit": 70.1792143156232,
  "valuation": 1559.7225112825786,
  "nasdaqPE": 32.22485,
  "adjustedPE": 22.224850000000004,
  "muonPrice": 1106.685714,
  "tsmonPrice": 446.695,
  "googlonPrice": 348.2325,
  "currentMuonValue": 168.74743767072,
  "currentTSMonValue": 56.85023035609743,
  "currentGOOGLonValue": 46.517833288805775
}