{
  "tokenPrice": 1.2559993255910067e-09,
  "portfolioValue": 258.69551610039133,
  "profit": 56.75922910039134,
  "valuation": 1255.9993255910067,
  "nasdaqPE": 32.128548,
  "adjustedPE": 22.128548000000002,
  "muonPrice": 1017.36,
  "tsmonPrice": 439.452,
  "googlonPrice": 356.633333,
  "currentMuonValue": 155.1270528,
  "currentTSMonValue": 55.92842416066382,
  "currentGOOGLonValue": 47.64003913972749
}