{
  "tokenPrice": 1.086334139225626e-09,
  "portfolioValue": 251.40442848826467,
  "profit": 49.46814148826468,
  "valuation": 1086.334139225626,
  "nasdaqPE": 31.960278,
  "adjustedPE": 21.960278,
  "muonPrice": 982.309091,
  "tsmonPrice": 420.768,
  "googlonPrice": 359.8625,
  "currentMuonValue": 149.78249019568,
  "currentTSMonValue": 53.55053834601776,
  "currentGOOGLonValue": 48.07139994656693
}