{
  "tokenPrice": 1.9541408826608587e-09,
  "portfolioValue": 286.867380324713,
  "profit": 84.931093324713,
  "valuation": 1954.1408826608586,
  "nasdaqPE": 33.008545,
  "adjustedPE": 23.008544999999998,
  "muonPrice": 1171.40625,
  "tsmonPrice": 468.548843,
  "googlonPrice": 363.967956,
  "currentMuonValue": 178.616025,
  "currentTSMonValue": 59.63153753149896,
  "currentGOOGLonValue": 48.619817793214004
}