{
  "tokenPrice": 1.4079387963468578e-09,
  "portfolioValue": 264.5410220422586,
  "profit": 62.604735042258596,
  "valuation": 1407.9387963468578,
  "nasdaqPE": 32.489334,
  "adjustedPE": 22.489334,
  "muonPrice": 1048.5,
  "tsmonPrice": 445.385,
  "googlonPrice": 359.195,
  "currentMuonValue": 159.87528,
  "currentTSMonValue": 56.68350853972051,
  "currentGOOGLonValue": 47.98223350253807
}