{
  "tokenPrice": 4.803747916477196e-10,
  "portfolioValue": 224.9397558335111,
  "profit": 23.003468833511107,
  "valuation": 480.3747916477196,
  "nasdaqPE": 30.882711,
  "adjustedPE": 20.882711,
  "muonPrice": 839.335,
  "tsmonPrice": 399.275,
  "googlonPrice": 345.425,
  "currentMuonValue": 127.98180080000002,
  "currentTSMonValue": 50.815155140377215,
  "currentGOOGLonValue": 46.142799893133855
}