{
  "tokenPrice": 8.808432644395769e-10,
  "portfolioValue": 242.2191782969437,
  "profit": 40.28289129694372,
  "valuation": 880.8432644395768,
  "nasdaqPE": 31.866436,
  "adjustedPE": 21.866436,
  "muonPrice": 912.236667,
  "tsmonPrice": 419.99,
  "googlonPrice": 371.828182,
  "currentMuonValue": 139.09784698416001,
  "currentTSMonValue": 53.451523404688565,
  "currentGOOGLonValue": 49.669807908095116
}