{
  "tokenPrice": 1.1092508831481384e-09,
  "portfolioValue": 252.80684974322924,
  "profit": 50.87056274322924,
  "valuation": 1109.2508831481384,
  "nasdaqPE": 31.805359,
  "adjustedPE": 21.805359,
  "muonPrice": 976.522222,
  "tsmonPrice": 437.521429,
  "googlonPrice": 361.005,
  "currentMuonValue": 148.90010841056002,
  "currentTSMonValue": 55.682723165423674,
  "currentGOOGLonValue": 48.224018167245525
}