{
  "tokenPrice": 1.635534466293139e-09,
  "portfolioValue": 273.2283068337647,
  "profit": 71.2920198337647,
  "valuation": 1635.534466293139,
  "nasdaqPE": 32.94134,
  "adjustedPE": 22.941339999999997,
  "muonPrice": 1120.01,
  "tsmonPrice": 444.5,
  "googlonPrice": 343.445,
  "currentMuonValue": 170.7791248,
  "currentTSMonValue": 56.5708758622445,
  "currentGOOGLonValue": 45.87830617152017
}