{
  "tokenPrice": 1.1029674435531328e-09,
  "portfolioValue": 252.5186894063595,
  "profit": 50.582402406359506,
  "valuation": 1102.9674435531329,
  "nasdaqPE": 31.805359,
  "adjustedPE": 21.805359,
  "muonPrice": 979.0,
  "tsmonPrice": 434.92,
  "googlonPrice": 358.498,
  "currentMuonValue": 149.27792,
  "currentTSMonValue": 55.35164303713696,
  "currentGOOGLonValue": 47.88912636922255
}