{
  "tokenPrice": 5.035883995201567e-10,
  "portfolioValue": 226.05137433325652,
  "profit": 24.115087333256525,
  "valuation": 503.5883995201567,
  "nasdaqPE": 30.882711,
  "adjustedPE": 20.882711,
  "muonPrice": 844.325,
  "tsmonPrice": 401.165,
  "googlonPrice": 346.25,
  "currentMuonValue": 128.74267600000002,
  "currentTSMonValue": 51.05569272278361,
  "currentGOOGLonValue": 46.25300561047288
}