{
  "tokenPrice": 1.0407374019861124e-09,
  "portfolioValue": 250.37495371281116,
  "profit": 48.43866671281117,
  "valuation": 1040.7374019861124,
  "nasdaqPE": 31.485674,
  "adjustedPE": 21.485674,
  "muonPrice": 982.216,
  "tsmonPrice": 425.110769,
  "googlonPrice": 348.124615,
  "currentMuonValue": 149.76829568,
  "currentTSMonValue": 54.10323631226614,
  "currentGOOGLonValue": 46.50342172054502
}