{
  "tokenPrice": 1.4591798208991767e-09,
  "portfolioValue": 269.1101476145755,
  "profit": 67.17386061457552,
  "valuation": 1459.1798208991768,
  "nasdaqPE": 31.722435,
  "adjustedPE": 21.722435,
  "muonPrice": 1093.335,
  "tsmonPrice": 441.824286,
  "googlonPrice": 345.614286,
  "currentMuonValue": 166.71172080000002,
  "currentTSMonValue": 56.23034158882072,
  "currentGOOGLonValue": 46.168085225754744
}