{
  "tokenPrice": 1.1092890251186583e-09,
  "portfolioValue": 251.9166436252296,
  "profit": 49.980356625229604,
  "valuation": 1109.2890251186584,
  "nasdaqPE": 32.1945,
  "adjustedPE": 22.194499999999998,
  "muonPrice": 982.711429,
  "tsmonPrice": 424.35,
  "googlonPrice": 359.825,
  "currentMuonValue": 149.84383869392,
  "currentTSMonValue": 54.006414335530835,
  "currentGOOGLonValue": 48.06639059577879
}