{
  "tokenPrice": 1.1089304731174142e-09,
  "portfolioValue": 252.79215564758402,
  "profit": 50.85586864758403,
  "valuation": 1108.9304731174143,
  "nasdaqPE": 31.805359,
  "adjustedPE": 21.805359,
  "muonPrice": 976.522222,
  "tsmonPrice": 437.521429,
  "googlonPrice": 360.895,
  "currentMuonValue": 148.90010841056002,
  "currentTSMonValue": 55.682723165423674,
  "currentGOOGLonValue": 48.20932407160032
}