{
  "tokenPrice": 1.1465467462068596e-09,
  "portfolioValue": 253.76951000473326,
  "profit": 51.83322300473327,
  "valuation": 1146.5467462068596,
  "nasdaqPE": 32.11992,
  "adjustedPE": 22.11992,
  "muonPrice": 984.355,
  "tsmonPrice": 438.615,
  "googlonPrice": 358.22875,
  "currentMuonValue": 150.0944504,
  "currentTSMonValue": 55.821900374169566,
  "currentGOOGLonValue": 47.85315923056372
}