{
  "tokenPrice": 5.125945498867764e-10,
  "portfolioValue": 226.482647378534,
  "profit": 24.54636037853402,
  "valuation": 512.5945498867765,
  "nasdaqPE": 30.882711,
  "adjustedPE": 20.882711,
  "muonPrice": 846.995,
  "tsmonPrice": 400.725,
  "googlonPrice": 346.85,
  "currentMuonValue": 129.1497976,
  "currentTSMonValue": 50.99969455545091,
  "currentGOOGLonValue": 46.3331552230831
}