{
  "tokenPrice": 1.3162716963868788e-09,
  "portfolioValue": 260.2317920150748,
  "profit": 58.29550501507481,
  "valuation": 1316.2716963868788,
  "nasdaqPE": 32.5793,
  "adjustedPE": 22.579300000000003,
  "muonPrice": 1023.853333,
  "tsmonPrice": 427.862857,
  "googlonPrice": 371.763333,
  "currentMuonValue": 156.11715621584,
  "currentTSMonValue": 54.45349059485326,
  "currentGOOGLonValue": 49.66114520438151
}