{
  "tokenPrice": 1.4202188713623942e-09,
  "portfolioValue": 258.74504185449575,
  "profit": 56.80875485449576,
  "valuation": 1420.218871362394,
  "muonPrice": 1006.5756786973521,
  "tsmonPrice": 428.10116640913645,
  "googlonPrice": 380.1283186955592,
  "currentMuonValue": 153.48265948777225,
  "currentTSMonValue": 54.48381989069367,
  "currentGOOGLonValue": 50.77856247602982
}