{
  "tokenPrice": 6.48306626928879e-10,
  "portfolioValue": 232.98142414377787,
  "profit": 31.04513714377788,
  "valuation": 648.3066269288789,
  "nasdaqPE": 30.882711,
  "adjustedPE": 20.882711,
  "muonPrice": 883.653333,
  "tsmonPrice": 406.353333,
  "googlonPrice": 348.293333,
  "currentMuonValue": 134.73946021584,
  "currentTSMonValue": 51.71600440349225,
  "currentGOOGLonValue": 46.52595952444564
}