{
  "tokenPrice": 1.0042976235424641e-09,
  "portfolioValue": 248.452430082497,
  "profit": 46.516143082496995,
  "valuation": 1004.2976235424641,
  "nasdaqPE": 31.590303,
  "adjustedPE": 21.590303,
  "muonPrice": 946.29375,
  "tsmonPrice": 437.991949,
  "googlonPrice": 362.464286,
  "currentMuonValue": 144.290871,
  "currentTSMonValue": 55.74260556927227,
  "currentGOOGLonValue": 48.41895351322469
}