{
  "tokenPrice": 6.364019704281966e-10,
  "portfolioValue": 231.0216901182891,
  "profit": 29.085403118289094,
  "valuation": 636.4019704281966,
  "nasdaqPE": 31.880459,
  "adjustedPE": 21.880459,
  "muonPrice": 853.86,
  "tsmonPrice": 400.95,
  "googlonPrice": 372.77875,
  "currentMuonValue": 130.1965728,
  "currentTSMonValue": 51.028329981927854,
  "currentGOOGLonValue": 49.79678733636121
}