{
  "tokenPrice": 1.0699748907600504e-09,
  "portfolioValue": 250.3078403672839,
  "profit": 48.371553367283894,
  "valuation": 1069.9748907600504,
  "nasdaqPE": 32.11992,
  "adjustedPE": 22.11992,
  "muonPrice": 963.475,
  "tsmonPrice": 437.695,
  "googlonPrice": 357.025,
  "currentMuonValue": 146.91066800000002,
  "currentTSMonValue": 55.70481329701936,
  "currentGOOGLonValue": 47.692359070264494
}