{
  "tokenPrice": 1.5778420770957382e-09,
  "portfolioValue": 269.9614288623845,
  "profit": 68.02514186238449,
  "valuation": 1577.8420770957382,
  "nasdaqPE": 33.194984,
  "adjustedPE": 23.194983999999998,
  "muonPrice": 1080.45,
  "tsmonPrice": 439.2,
  "googlonPrice": 369.195,
  "currentMuonValue": 164.747016,
  "currentTSMonValue": 55.896352483009636,
  "currentGOOGLonValue": 49.318060379374835
}