{
  "tokenPrice": 1.578785889247509e-09,
  "portfolioValue": 270.002119218186,
  "profit": 68.06583221818602,
  "valuation": 1578.785889247509,
  "nasdaqPE": 33.194984,
  "adjustedPE": 23.194983999999998,
  "muonPrice": 1080.412,
  "tsmonPrice": 439.56,
  "googlonPrice": 369.2,
  "currentMuonValue": 164.74122176,
  "currentTSMonValue": 55.94216916537276,
  "currentGOOGLonValue": 49.318728292813255
}