{
  "tokenPrice": 1.4467569777519707e-09,
  "portfolioValue": 265.6592669241966,
  "profit": 63.72297992419658,
  "valuation": 1446.7569777519707,
  "nasdaqPE": 32.70385,
  "adjustedPE": 22.703850000000003,
  "muonPrice": 1055.338,
  "tsmonPrice": 439.38,
  "googlonPrice": 365.482,
  "currentMuonValue": 160.91793824,
  "currentTSMonValue": 55.9192608241912,
  "currentGOOGLonValue": 48.82206786000535
}