{
  "tokenPrice": 5.296530380092343e-10,
  "portfolioValue": 227.35861064365417,
  "profit": 25.42232364365418,
  "valuation": 529.6530380092343,
  "nasdaqPE": 30.834171,
  "adjustedPE": 20.834171,
  "muonPrice": 856.4,
  "tsmonPrice": 396.875,
  "googlonPrice": 346.34,
  "currentMuonValue": 130.583872,
  "currentTSMonValue": 50.50971059128973,
  "currentGOOGLonValue": 46.265028052364414
}