{
  "tokenPrice": 1.4267327234267953e-09,
  "portfolioValue": 265.1239289298559,
  "profit": 63.187641929855886,
  "valuation": 1426.7327234267952,
  "nasdaqPE": 32.5793,
  "adjustedPE": 22.579300000000003,
  "muonPrice": 1051.395,
  "tsmonPrice": 434.015,
  "googlonPrice": 371.086667,
  "currentMuonValue": 160.3167096,
  "currentTSMonValue": 55.236464988418554,
  "currentGOOGLonValue": 49.57075434143735
}