{
  "tokenPrice": 1.869414074805924e-09,
  "portfolioValue": 283.1849741640916,
  "profit": 81.24868716409162,
  "valuation": 1869.4140748059242,
  "nasdaqPE": 33.008545,
  "adjustedPE": 23.008544999999998,
  "muonPrice": 1150.935294,
  "tsmonPrice": 462.296667,
  "googlonPrice": 365.725,
  "currentMuonValue": 175.49461362912,
  "currentTSMonValue": 58.83583208185913,
  "currentGOOGLonValue": 48.854528453112486
}