{
  "tokenPrice": 1.2373472239246811e-09,
  "portfolioValue": 258.681384566368,
  "profit": 56.74509756636803,
  "valuation": 1237.3472239246812,
  "nasdaqPE": 31.805359,
  "adjustedPE": 21.805359,
  "muonPrice": 1011.155549,
  "tsmonPrice": 443.419231,
  "googlonPrice": 359.83,
  "currentMuonValue": 154.18099811151998,
  "currentTSMonValue": 56.433327945630865,
  "currentGOOGLonValue": 48.067058509217205
}