{
  "tokenPrice": 1.533422157759332e-09,
  "portfolioValue": 273.133662353664,
  "profit": 71.19737535366403,
  "valuation": 1533.422157759332,
  "nasdaqPE": 31.537622,
  "adjustedPE": 21.537622,
  "muonPrice": 1133.165909,
  "tsmonPrice": 431.5,
  "googlonPrice": 340.105,
  "currentMuonValue": 172.78513780432002,
  "currentTSMonValue": 54.9163845546873,
  "currentGOOGLonValue": 45.4321399946567
}