{
  "tokenPrice": 1.6111802588580291e-09,
  "portfolioValue": 276.2578172109526,
  "profit": 74.32153021095263,
  "valuation": 1611.1802588580292,
  "nasdaqPE": 31.678513,
  "adjustedPE": 21.678513,
  "muonPrice": 1151.49,
  "tsmonPrice": 431.723333,
  "googlonPrice": 342.363333,
  "currentMuonValue": 175.57919520000002,
  "currentTSMonValue": 54.9448078244712,
  "currentGOOGLonValue": 45.73381418648144
}