{
  "tokenPrice": 1.4349670266799998e-09,
  "portfolioValue": 266.4141180992487,
  "profit": 64.4778310992487,
  "valuation": 1434.96702668,
  "nasdaqPE": 32.2552,
  "adjustedPE": 22.255200000000002,
  "muonPrice": 1065.472892,
  "tsmonPrice": 434.819565,
  "googlonPrice": 363.909063,
  "currentMuonValue": 162.46330657216,
  "currentTSMonValue": 55.33886081910046,
  "currentGOOGLonValue": 48.61195070798825
}