{
  "tokenPrice": 7.825764024535639e-10,
  "portfolioValue": 238.80037131858688,
  "profit": 36.86408431858689,
  "valuation": 782.5764024535639,
  "nasdaqPE": 31.228695,
  "adjustedPE": 21.228695,
  "muonPrice": 907.4425,
  "tsmonPrice": 410.335,
  "googlonPrice": 360.906,
  "currentMuonValue": 138.3668324,
  "currentTSMonValue": 52.22274543742204,
  "currentGOOGLonValue": 48.21079348116484
}