{
  "tokenPrice": 5.429517106572273e-10,
  "portfolioValue": 227.9363456445518,
  "profit": 26.000058644551814,
  "valuation": 542.9517106572273,
  "nasdaqPE": 30.882711,
  "adjustedPE": 20.882711,
  "muonPrice": 855.285,
  "tsmonPrice": 401.05,
  "googlonPrice": 347.96,
  "currentMuonValue": 130.4138568,
  "currentTSMonValue": 51.04105683813984,
  "currentGOOGLonValue": 46.48143200641197
}