{
  "tokenPrice": 4.717178150100224e-10,
  "portfolioValue": 224.02657677179172,
  "profit": 22.09028977179173,
  "valuation": 471.7178150100224,
  "nasdaqPE": 31.35408,
  "adjustedPE": 21.35408,
  "muonPrice": 827.962222,
  "tsmonPrice": 401.412095,
  "googlonPrice": 349.534493,
  "currentMuonValue": 126.24767961056,
  "currentTSMonValue": 51.087140148140605,
  "currentGOOGLonValue": 46.691757013091106
}