{
  "tokenPrice": 1.1479259129323573e-09,
  "portfolioValue": 253.61584195684645,
  "profit": 51.67955495684646,
  "valuation": 1147.9259129323573,
  "nasdaqPE": 32.21238,
  "adjustedPE": 22.212380000000003,
  "muonPrice": 993.195,
  "tsmonPrice": 423.814,
  "googlonPrice": 361.089231,
  "currentMuonValue": 151.44237360000002,
  "currentTSMonValue": 53.93819838623463,
  "currentGOOGLonValue": 48.23526997061181
}