{
  "tokenPrice": 1.0811953112752792e-09,
  "portfolioValue": 251.64872245391504,
  "profit": 49.71243545391505,
  "valuation": 1081.1953112752792,
  "nasdaqPE": 31.748991,
  "adjustedPE": 21.748991,
  "muonPrice": 973.834286,
  "tsmonPrice": 434.033333,
  "googlonPrice": 358.726667,
  "currentMuonValue": 148.49025192928002,
  "currentTSMonValue": 55.2387982029679,
  "currentGOOGLonValue": 47.919672321667115
}