{
  "tokenPrice": 8.683126721862926e-10,
  "portfolioValue": 241.84891497658765,
  "profit": 39.91262797658766,
  "valuation": 868.3126721862926,
  "nasdaqPE": 31.755337,
  "adjustedPE": 21.755337,
  "muonPrice": 913.085,
  "tsmonPrice": 419.855,
  "googlonPrice": 368.216667,
  "currentMuonValue": 139.22720080000002,
  "currentTSMonValue": 53.4343421488024,
  "currentGOOGLonValue": 49.1873720277852
}