{
  "tokenPrice": 4.993587379520463e-10,
  "portfolioValue": 225.84883063248364,
  "profit": 23.912543632483647,
  "valuation": 499.3587379520462,
  "nasdaqPE": 30.882711,
  "adjustedPE": 20.882711,
  "muonPrice": 846.263636,
  "tsmonPrice": 397.55,
  "googlonPrice": 345.965,
  "currentMuonValue": 129.03827921728,
  "currentTSMonValue": 50.59561687072059,
  "currentGOOGLonValue": 46.214934544483036
}