{
  "tokenPrice": 1.1018566577104881e-09,
  "portfolioValue": 252.06901303771582,
  "profit": 50.13272603771583,
  "valuation": 1101.8566577104882,
  "nasdaqPE": 31.97879,
  "adjustedPE": 21.97879,
  "muonPrice": 988.3775,
  "tsmonPrice": 420.055,
  "googlonPrice": 358.59,
  "currentMuonValue": 150.7078012,
  "currentTSMonValue": 53.459795861226354,
  "currentGOOGLonValue": 47.901415976489446
}