{
  "tokenPrice": 1.8663097960923255e-09,
  "portfolioValue": 283.0500556495311,
  "profit": 81.1137686495311,
  "valuation": 1866.3097960923253,
  "nasdaqPE": 33.008545,
  "adjustedPE": 23.008544999999998,
  "muonPrice": 1150.935294,
  "tsmonPrice": 462.296667,
  "googlonPrice": 364.715,
  "currentMuonValue": 175.49461362912,
  "currentTSMonValue": 58.83583208185913,
  "currentGOOGLonValue": 48.71960993855196
}