{
  "tokenPrice": 2.1319777440257894e-09,
  "portfolioValue": 294.8679877648982,
  "profit": 92.93170076489821,
  "valuation": 2131.9777440257894,
  "nasdaqPE": 32.94134,
  "adjustedPE": 22.941339999999997,
  "muonPrice": 1238.31625,
  "tsmonPrice": 467.675,
  "googlonPrice": 348.3176,
  "currentMuonValue": 188.81846180000002,
  "currentTSMonValue": 59.52032478937053,
  "currentGOOGLonValue": 46.52920117552766
}