{
  "tokenPrice": 1.5099319207052718e-09,
  "portfolioValue": 272.043001692331,
  "profit": 70.10671469233102,
  "valuation": 1509.9319207052718,
  "nasdaqPE": 31.537622,
  "adjustedPE": 21.537622,
  "muonPrice": 1128.5,
  "tsmonPrice": 430.422,
  "googlonPrice": 338.293333,
  "currentMuonValue": 172.07368,
  "currentTSMonValue": 54.779189044722166,
  "currentGOOGLonValue": 45.19013264760888
}