{
  "tokenPrice": 1.1084789862559394e-09,
  "portfolioValue": 252.77145033099305,
  "profit": 50.835163330993055,
  "valuation": 1108.4789862559394,
  "nasdaqPE": 31.805359,
  "adjustedPE": 21.805359,
  "muonPrice": 976.522222,
  "tsmonPrice": 437.521429,
  "googlonPrice": 360.74,
  "currentMuonValue": 148.90010841056002,
  "currentTSMonValue": 55.682723165423674,
  "currentGOOGLonValue": 48.18861875500936
}