{
  "tokenPrice": 1.3276078132212372e-09,
  "portfolioValue": 261.28947399261,
  "profit": 59.353186992610006,
  "valuation": 1327.6078132212372,
  "nasdaqPE": 32.367928,
  "adjustedPE": 22.367928,
  "muonPrice": 1023.61,
  "tsmonPrice": 448.528571,
  "googlonPrice": 360.27,
  "currentMuonValue": 156.0800528,
  "currentTSMonValue": 57.083586300811966,
  "currentGOOGLonValue": 48.12583489179802
}