{
  "tokenPrice": 1.673252796667822e-09,
  "portfolioValue": 274.0748492282741,
  "profit": 72.13856222827411,
  "valuation": 1673.2527966678222,
  "nasdaqPE": 33.194984,
  "adjustedPE": 23.194983999999998,
  "muonPrice": 1107.5,
  "tsmonPrice": 439.54,
  "googlonPrice": 368.7875,
  "currentMuonValue": 168.8716,
  "currentTSMonValue": 55.93962379413037,
  "currentGOOGLonValue": 49.26362543414374
}