{
  "tokenPrice": 1.3639046154790246e-09,
  "portfolioValue": 264.3457373429019,
  "profit": 62.40945034290189,
  "valuation": 1363.9046154790246,
  "nasdaqPE": 31.854136,
  "adjustedPE": 21.854136,
  "muonPrice": 1062.365,
  "tsmonPrice": 439.108333,
  "googlonPrice": 347.886667,
  "currentMuonValue": 161.9894152,
  "currentTSMonValue": 55.88468615572581,
  "currentGOOGLonValue": 46.471635987176064
}