{
  "tokenPrice": 7.383805125814265e-10,
  "portfolioValue": 236.88264158496423,
  "profit": 34.94635458496424,
  "valuation": 738.3805125814265,
  "nasdaqPE": 31.128971,
  "adjustedPE": 21.128971,
  "muonPrice": 897.868571,
  "tsmonPrice": 411.9375,
  "googlonPrice": 355.951429,
  "currentMuonValue": 136.90699970608,
  "currentTSMonValue": 52.426693308219,
  "currentGOOGLonValue": 47.548948570665246
}