{
  "tokenPrice": 7.926913522229243e-10,
  "portfolioValue": 238.29205179397766,
  "profit": 36.35576479397767,
  "valuation": 792.6913522229244,
  "nasdaqPE": 31.803732,
  "adjustedPE": 21.803732,
  "muonPrice": 891.21,
  "tsmonPrice": 419.23,
  "googlonPrice": 367.155,
  "currentMuonValue": 135.8917008,
  "currentTSMonValue": 53.354799297477534,
  "currentGOOGLonValue": 49.045551696500134
}