{
  "tokenPrice": 8.719927746167455e-10,
  "portfolioValue": 243.98180968932843,
  "profit": 42.045522689328436,
  "valuation": 871.9927746167455,
  "nasdaqPE": 30.739254,
  "adjustedPE": 20.739254,
  "muonPrice": 972.6,
  "tsmonPrice": 414.9,
  "googlonPrice": 320.97,
  "currentMuonValue": 148.302048,
  "currentTSMonValue": 52.80372642349886,
  "currentGOOGLonValue": 42.87603526582956
}