{
  "tokenPrice": 1.7405712450944865e-09,
  "portfolioValue": 267.8666513659579,
  "profit": 65.93036436595793,
  "valuation": 1740.5712450944866,
  "nasdaqPE": 36.400146,
  "adjustedPE": 26.400146,
  "muonPrice": 1065.370769,
  "tsmonPrice": 447.22,
  "googlonPrice": 363.085,
  "currentMuonValue": 162.44773485712003,
  "currentTSMonValue": 56.917046351210324,
  "currentGOOGLonValue": 48.50187015762757
}