{
  "tokenPrice": 9.05117504870073e-10,
  "portfolioValue": 245.57900938866803,
  "profit": 43.642722388668034,
  "valuation": 905.117504870073,
  "nasdaqPE": 30.739254,
  "adjustedPE": 20.739254,
  "muonPrice": 985.415,
  "tsmonPrice": 414.08,
  "googlonPrice": 319.08,
  "currentMuonValue": 150.2560792,
  "currentTSMonValue": 52.69936620256063,
  "currentGOOGLonValue": 42.6235639861074
}