{
  "tokenPrice": 9.217673879494294e-10,
  "portfolioValue": 244.92842295498386,
  "profit": 42.992135954983866,
  "valuation": 921.7673879494293,
  "nasdaqPE": 31.440372,
  "adjustedPE": 21.440372,
  "muonPrice": 950.425,
  "tsmonPrice": 419.66,
  "googlonPrice": 348.833333,
  "currentMuonValue": 144.920804,
  "currentTSMonValue": 53.40952477918904,
  "currentGOOGLonValue": 46.59809417579482
}