{
  "tokenPrice": 1.040608292802677e-09,
  "portfolioValue": 250.31065405219002,
  "profit": 48.374367052190024,
  "valuation": 1040.608292802677,
  "nasdaqPE": 31.511564,
  "adjustedPE": 21.511564,
  "muonPrice": 954.662195,
  "tsmonPrice": 437.97375,
  "googlonPrice": 366.84,
  "currentMuonValue": 145.5668914936,
  "currentTSMonValue": 55.740289408710254,
  "currentGOOGLonValue": 49.003473149879774
}