{
  "tokenPrice": 1.7565995840049268e-09,
  "portfolioValue": 281.91399485933584,
  "profit": 79.97770785933585,
  "valuation": 1756.5995840049268,
  "nasdaqPE": 31.963615,
  "adjustedPE": 21.963615,
  "muonPrice": 1185.765714,
  "tsmonPrice": 435.305,
  "googlonPrice": 342.168571,
  "currentMuonValue": 180.80555607072,
  "currentTSMonValue": 55.400641433553076,
  "currentGOOGLonValue": 45.70779735506279
}