{
  "tokenPrice": 5.805504981989391e-10,
  "portfolioValue": 229.7368200916536,
  "profit": 27.80053309165362,
  "valuation": 580.5504981989391,
  "nasdaqPE": 30.882711,
  "adjustedPE": 20.882711,
  "muonPrice": 866.263559,
  "tsmonPrice": 402.090909,
  "googlonPrice": 347.915,
  "currentMuonValue": 132.08786747632,
  "currentTSMonValue": 51.17353182986738,
  "currentGOOGLonValue": 46.47542078546621
}