{
  "tokenPrice": 9.218568609950381e-10,
  "portfolioValue": 246.50203564993825,
  "profit": 44.56574864993826,
  "valuation": 921.8568609950381,
  "nasdaqPE": 30.685322,
  "adjustedPE": 20.685322,
  "muonPrice": 990.156667,
  "tsmonPrice": 414.602,
  "googlonPrice": 320.08,
  "currentMuonValue": 150.97908858416,
  "currentTSMonValue": 52.76580039198716,
  "currentGOOGLonValue": 42.75714667379108
}