{
  "tokenPrice": 6.423246280393409e-10,
  "portfolioValue": 232.43347166366834,
  "profit": 30.49718466366835,
  "valuation": 642.3246280393408,
  "nasdaqPE": 31.061768,
  "adjustedPE": 21.061768,
  "muonPrice": 885.92,
  "tsmonPrice": 401.134,
  "googlonPrice": 346.576667,
  "currentMuonValue": 135.0850816,
  "currentTSMonValue": 51.0517473973579,
  "currentGOOGLonValue": 46.29664266631045
}