{
  "tokenPrice": 1.104168014933471e-09,
  "portfolioValue": 252.57374795322121,
  "profit": 50.63746095322122,
  "valuation": 1104.1680149334709,
  "nasdaqPE": 31.805359,
  "adjustedPE": 21.805359,
  "muonPrice": 976.522222,
  "tsmonPrice": 437.521429,
  "googlonPrice": 359.26,
  "currentMuonValue": 148.90010841056002,
  "currentTSMonValue": 55.682723165423674,
  "currentGOOGLonValue": 47.99091637723751
}