{
  "tokenPrice": 1.0379614136063508e-09,
  "portfolioValue": 249.9660457162839,
  "profit": 48.02975871628391,
  "valuation": 1037.9614136063508,
  "nasdaqPE": 31.610798,
  "adjustedPE": 21.610798,
  "muonPrice": 975.57,
  "tsmonPrice": 427.04,
  "googlonPrice": 350.811667,
  "currentMuonValue": 148.7549136,
  "currentTSMonValue": 54.34876676763306,
  "currentGOOGLonValue": 46.86236534865082
}