{
  "tokenPrice": 1.2493909904114295e-09,
  "portfolioValue": 251.91192661645718,
  "profit": 49.97563961645719,
  "valuation": 1249.3909904114296,
  "muonPrice": 965.81706793176,
  "tsmonPrice": 422.1239565161912,
  "googlonPrice": 381.1948389350651,
  "currentMuonValue": 147.26778651823477,
  "currentTSMonValue": 53.72310898213036,
  "currentGOOGLonValue": 50.92103111609205
}