{
  "tokenPrice": 1.1372143475961345e-09,
  "portfolioValue": 253.11302653812425,
  "profit": 51.17673953812425,
  "valuation": 1137.2143475961345,
  "nasdaqPE": 32.221313,
  "adjustedPE": 22.221313000000002,
  "muonPrice": 982.766667,
  "tsmonPrice": 435.794,
  "googlonPrice": 357.815,
  "currentMuonValue": 149.85226138416,
  "currentTSMonValue": 55.46287576042965,
  "currentGOOGLonValue": 47.797889393534604
}