{
  "tokenPrice": 1.465153551509097e-09,
  "portfolioValue": 267.7704988475276,
  "profit": 65.83421184752763,
  "valuation": 1465.153551509097,
  "nasdaqPE": 32.2552,
  "adjustedPE": 22.255200000000002,
  "muonPrice": 1071.695714,
  "tsmonPrice": 436.666667,
  "googlonPrice": 365.2,
  "currentMuonValue": 163.41216247072,
  "currentTSMonValue": 55.57393883472904,
  "currentGOOGLonValue": 48.78439754207855
}