{
  "tokenPrice": 1.138312649200463e-09,
  "portfolioValue": 253.1624521325672,
  "profit": 51.22616513256722,
  "valuation": 1138.3126492004628,
  "nasdaqPE": 32.221313,
  "adjustedPE": 22.221313000000002,
  "muonPrice": 982.766667,
  "tsmonPrice": 435.794,
  "googlonPrice": 358.185,
  "currentMuonValue": 149.85226138416,
  "currentTSMonValue": 55.46287576042965,
  "currentGOOGLonValue": 47.84731498797756
}