{
  "tokenPrice": 6.12285035913186e-10,
  "portfolioValue": 230.51830714482685,
  "profit": 28.582020144826856,
  "valuation": 612.285035913186,
  "nasdaqPE": 31.422035,
  "adjustedPE": 21.422035,
  "muonPrice": 848.413333,
  "tsmonPrice": 404.978,
  "googlonPrice": 371.39,
  "currentMuonValue": 129.36606501584,
  "currentTSMonValue": 51.54096775014635,
  "currentGOOGLonValue": 49.611274378840506
}