{
  "tokenPrice": 1.109367395886584e-09,
  "portfolioValue": 252.8121930507366,
  "profit": 50.8759060507366,
  "valuation": 1109.3673958865838,
  "nasdaqPE": 31.805359,
  "adjustedPE": 21.805359,
  "muonPrice": 976.522222,
  "tsmonPrice": 437.521429,
  "googlonPrice": 361.045,
  "currentMuonValue": 148.90010841056002,
  "currentTSMonValue": 55.682723165423674,
  "currentGOOGLonValue": 48.22936147475288
}