{
  "tokenPrice": 1.5800315590267357e-09,
  "portfolioValue": 270.05582349231815,
  "profit": 68.11953649231816,
  "valuation": 1580.0315590267357,
  "nasdaqPE": 33.194984,
  "adjustedPE": 23.194983999999998,
  "muonPrice": 1079.571429,
  "tsmonPrice": 440.683333,
  "googlonPrice": 369.491277,
  "currentMuonValue": 164.61305149392,
  "currentTSMonValue": 56.085134141064465,
  "currentGOOGLonValue": 49.3576378573337
}