{
  "tokenPrice": 6.804979828108442e-10,
  "portfolioValue": 233.6277648131914,
  "profit": 31.691477813191398,
  "valuation": 680.4979828108442,
  "nasdaqPE": 31.472586,
  "adjustedPE": 21.472586,
  "muonPrice": 869.3075,
  "tsmonPrice": 411.224,
  "googlonPrice": 364.866667,
  "currentMuonValue": 132.5520076,
  "currentTSMonValue": 52.33588718914653,
  "currentGOOGLonValue": 48.73987002404489
}