{
  "tokenPrice": 4.888937757835449e-10,
  "portfolioValue": 225.34770019168496,
  "profit": 23.41141319168497,
  "valuation": 488.89377578354487,
  "nasdaqPE": 30.882711,
  "adjustedPE": 20.882711,
  "muonPrice": 841.59,
  "tsmonPrice": 398.22,
  "googlonPrice": 346.91,
  "currentMuonValue": 128.3256432,
  "currentTSMonValue": 50.68088680734085,
  "currentGOOGLonValue": 46.341170184344115
}