{
  "tokenPrice": 8.378223201907496e-10,
  "portfolioValue": 240.2271802664872,
  "profit": 38.29089326648722,
  "valuation": 837.8223201907496,
  "nasdaqPE": 31.880459,
  "adjustedPE": 21.880459,
  "muonPrice": 899.825,
  "tsmonPrice": 420.861429,
  "googlonPrice": 370.253333,
  "currentMuonValue": 137.205316,
  "currentTSMonValue": 53.56242892050805,
  "currentGOOGLonValue": 49.459435345979166
}