{
  "tokenPrice": 9.42301360363271e-10,
  "portfolioValue": 245.7406965893386,
  "profit": 43.804409589338604,
  "valuation": 942.3013603632711,
  "nasdaqPE": 31.511564,
  "adjustedPE": 21.511564,
  "muonPrice": 925.407895,
  "tsmonPrice": 436.837089,
  "googlonPrice": 367.105,
  "currentMuonValue": 141.1061958296,
  "currentTSMonValue": 55.59562819762262,
  "currentGOOGLonValue": 49.038872562115955
}