{
  "tokenPrice": 1.8751616007410033e-09,
  "portfolioValue": 283.4347737900601,
  "profit": 81.4984867900601,
  "valuation": 1875.1616007410032,
  "nasdaqPE": 33.008545,
  "adjustedPE": 23.008544999999998,
  "muonPrice": 1150.935294,
  "tsmonPrice": 462.296667,
  "googlonPrice": 367.595,
  "currentMuonValue": 175.49461362912,
  "currentTSMonValue": 58.83583208185913,
  "currentGOOGLonValue": 49.10432807908096
}