{
  "tokenPrice": 5.461994543625513e-10,
  "portfolioValue": 228.02583750661884,
  "profit": 26.08955050661885,
  "valuation": 546.1994543625514,
  "nasdaqPE": 30.935564,
  "adjustedPE": 20.935564,
  "muonPrice": 860.206667,
  "tsmonPrice": 398.68,
  "googlonPrice": 345.27,
  "currentMuonValue": 131.16431258416,
  "currentTSMonValue": 50.73943034591595,
  "currentGOOGLonValue": 46.12209457654288
}