{
  "tokenPrice": 1.5212392071317454e-09,
  "portfolioValue": 269.4228541224826,
  "profit": 67.4865671224826,
  "valuation": 1521.2392071317454,
  "nasdaqPE": 32.541363,
  "adjustedPE": 22.541362999999997,
  "muonPrice": 1082.234,
  "tsmonPrice": 438.176667,
  "googlonPrice": 364.101818,
  "currentMuonValue": 165.01904032,
  "currentTSMonValue": 55.766114363529915,
  "currentGOOGLonValue": 48.637699438952716
}