{
  "tokenPrice": 1.383346348369691e-09,
  "portfolioValue": 265.00075495165424,
  "profit": 63.06446795165425,
  "valuation": 1383.346348369691,
  "nasdaqPE": 31.935432,
  "adjustedPE": 21.935432,
  "muonPrice": 1061.418,
  "tsmonPrice": 442.4525,
  "googlonPrice": 350.685,
  "currentMuonValue": 161.84501663999998,
  "currentTSMonValue": 56.31029348130424,
  "currentGOOGLonValue": 46.84544483034999
}