{
  "tokenPrice": 1.0631793421648681e-09,
  "portfolioValue": 250.02907777071226,
  "profit": 48.09279077071227,
  "valuation": 1063.179342164868,
  "nasdaqPE": 32.106834,
  "adjustedPE": 22.106834,
  "muonPrice": 967.971429,
  "tsmonPrice": 432.815,
  "googlonPrice": 354.455,
  "currentMuonValue": 147.59628349392,
  "currentTSMonValue": 55.08374271387481,
  "currentGOOGLonValue": 47.349051562917445
}