{
  "tokenPrice": 8.826908872966698e-10,
  "portfolioValue": 242.78118718816842,
  "profit": 40.844900188168424,
  "valuation": 882.6908872966698,
  "nasdaqPE": 31.610798,
  "adjustedPE": 21.610798,
  "muonPrice": 930.165,
  "tsmonPrice": 423.13,
  "googlonPrice": 352.579231,
  "currentMuonValue": 141.8315592,
  "currentTSMonValue": 53.851146689744695,
  "currentGOOGLonValue": 47.09848129842373
}