{
  "tokenPrice": 7.396625280225134e-10,
  "portfolioValue": 236.21756848237385,
  "profit": 34.281281482373856,
  "valuation": 739.6625280225134,
  "nasdaqPE": 31.57628,
  "adjustedPE": 21.57628,
  "muonPrice": 878.583333,
  "tsmonPrice": 411.966667,
  "googlonPrice": 372.958333,
  "currentMuonValue": 133.96638661584,
  "currentTSMonValue": 52.43040535037034,
  "currentGOOGLonValue": 49.820776516163505
}