{
  "tokenPrice": 6.437727103289204e-10,
  "portfolioValue": 232.7213764160613,
  "profit": 30.78508941606131,
  "valuation": 643.7727103289204,
  "nasdaqPE": 30.911835,
  "adjustedPE": 20.911835,
  "muonPrice": 879.225,
  "tsmonPrice": 403.84,
  "googlonPrice": 353.795938,
  "currentMuonValue": 134.064228,
  "currentTSMonValue": 51.39613612645403,
  "currentGOOGLonValue": 47.261012289607265
}