{
  "tokenPrice": 1.7264712732984394e-09,
  "portfolioValue": 267.3325644788609,
  "profit": 65.3962774788609,
  "valuation": 1726.4712732984394,
  "nasdaqPE": 36.400146,
  "adjustedPE": 26.400146,
  "muonPrice": 1061.444667,
  "tsmonPrice": 447.136186,
  "googlonPrice": 363.648187,
  "currentMuonValue": 161.84908282416,
  "currentTSMonValue": 56.90637946394481,
  "currentGOOGLonValue": 48.57710219075608
}