{
  "tokenPrice": 1.7668841783821814e-09,
  "portfolioValue": 281.1430884180059,
  "profit": 79.20680141800591,
  "valuation": 1766.8841783821813,
  "nasdaqPE": 32.307228,
  "adjustedPE": 22.307228000000002,
  "muonPrice": 1156.239,
  "tsmonPrice": 452.505,
  "googlonPrice": 353.714286,
  "currentMuonValue": 176.30332272,
  "currentTSMonValue": 57.58966070201338,
  "currentGOOGLonValue": 47.25010499599252
}