{
  "tokenPrice": 8.896593054565846e-10,
  "portfolioValue": 243.34338018481628,
  "profit": 41.40709318481629,
  "valuation": 889.6593054565845,
  "nasdaqPE": 31.485674,
  "adjustedPE": 21.485674,
  "muonPrice": 943.223548,
  "tsmonPrice": 415.2,
  "googlonPrice": 349.437097,
  "currentMuonValue": 143.82272659904,
  "currentTSMonValue": 52.841906992134795,
  "currentGOOGLonValue": 46.67874659364146
}