{
  "tokenPrice": 1.7815721920947033e-09,
  "portfolioValue": 283.96182038238106,
  "profit": 82.02553338238107,
  "valuation": 1781.5721920947033,
  "nasdaqPE": 31.719727,
  "adjustedPE": 21.719727,
  "muonPrice": 1181.3125,
  "tsmonPrice": 452.9375,
  "googlonPrice": 345.782727,
  "currentMuonValue": 180.12653,
  "currentTSMonValue": 57.64470435513019,
  "currentGOOGLonValue": 46.19058602725087
}