{
  "tokenPrice": 1.1090469858558597e-09,
  "portfolioValue": 252.79749895509138,
  "profit": 50.86121195509139,
  "valuation": 1109.0469858558597,
  "nasdaqPE": 31.805359,
  "adjustedPE": 21.805359,
  "muonPrice": 976.522222,
  "tsmonPrice": 437.521429,
  "googlonPrice": 360.935,
  "currentMuonValue": 148.90010841056002,
  "currentTSMonValue": 55.682723165423674,
  "currentGOOGLonValue": 48.214667379107674
}