{
  "tokenPrice": 1.2564593476457282e-09,
  "portfolioValue": 256.4368235275684,
  "profit": 54.500536527568386,
  "valuation": 1256.4593476457283,
  "nasdaqPE": 33.054073,
  "adjustedPE": 23.054073000000002,
  "muonPrice": 986.833333,
  "tsmonPrice": 441.852,
  "googlonPrice": 372.283333,
  "currentMuonValue": 150.47234661584002,
  "currentTSMonValue": 56.233868709751306,
  "currentGOOGLonValue": 49.73060820197703
}