{
  "tokenPrice": 7.756725157548905e-10,
  "portfolioValue": 237.38675518967054,
  "profit": 35.450468189670545,
  "valuation": 775.6725157548905,
  "nasdaqPE": 31.880459,
  "adjustedPE": 21.880459,
  "muonPrice": 886.75,
  "tsmonPrice": 406.575,
  "googlonPrice": 377.525714,
  "currentMuonValue": 135.21164000000002,
  "currentTSMonValue": 51.744215643851646,
  "currentGOOGLonValue": 50.43089954581887
}