{
  "tokenPrice": 7.175471438457347e-10,
  "portfolioValue": 235.70831615780656,
  "profit": 33.77202915780657,
  "valuation": 717.5471438457347,
  "nasdaqPE": 31.246788,
  "adjustedPE": 21.246788,
  "muonPrice": 895.405,
  "tsmonPrice": 406.253333,
  "googlonPrice": 355.388,
  "currentMuonValue": 136.5313544,
  "currentTSMonValue": 51.703277547280265,
  "currentGOOGLonValue": 47.473684210526315
}