{
  "tokenPrice": 1.1301243899085564e-09,
  "portfolioValue": 254.2803597028498,
  "profit": 52.344072702849815,
  "valuation": 1130.1243899085564,
  "nasdaqPE": 31.590303,
  "adjustedPE": 21.590303,
  "muonPrice": 984.052,
  "tsmonPrice": 440.72,
  "googlonPrice": 360.393333,
  "currentMuonValue": 150.04824896,
  "currentTSMonValue": 56.08980069743172,
  "currentGOOGLonValue": 48.142310045418114
}