{
  "tokenPrice": 1.4735992179797437e-09,
  "portfolioValue": 269.3651351585245,
  "profit": 67.42884815852449,
  "valuation": 1473.5992179797438,
  "nasdaqPE": 31.854136,
  "adjustedPE": 21.854136,
  "muonPrice": 1089.796,
  "tsmonPrice": 445.468491,
  "googlonPrice": 348.090816,
  "currentMuonValue": 166.17209408000002,
  "currentTSMonValue": 56.69413431924045,
  "currentGOOGLonValue": 46.498906759284004
}