{
  "tokenPrice": 1.7154429107115674e-09,
  "portfolioValue": 278.75493489447956,
  "profit": 76.81864789447957,
  "valuation": 1715.4429107115675,
  "nasdaqPE": 32.331074,
  "adjustedPE": 22.331074,
  "muonPrice": 1139.973636,
  "tsmonPrice": 454.03,
  "googlonPrice": 352.95,
  "currentMuonValue": 173.82318001728,
  "currentTSMonValue": 57.783745259246054,
  "currentGOOGLonValue": 47.14800961795351
}