{
  "tokenPrice": 1.3766432819556513e-09,
  "portfolioValue": 264.92863233708636,
  "profit": 62.99234533708636,
  "valuation": 1376.6432819556512,
  "nasdaqPE": 31.854136,
  "adjustedPE": 21.854136,
  "muonPrice": 1067.490196,
  "tsmonPrice": 438.615,
  "googlonPrice": 346.87,
  "currentMuonValue": 162.77090508608,
  "currentTSMonValue": 55.821900374169566,
  "currentGOOGLonValue": 46.33582687683676
}