{
  "tokenPrice": 8.248430562514227e-10,
  "portfolioValue": 241.2287572613219,
  "profit": 39.29247026132191,
  "valuation": 824.8430562514227,
  "nasdaqPE": 30.992395,
  "adjustedPE": 20.992395,
  "muonPrice": 918.9,
  "tsmonPrice": 418.15625,
  "googlonPrice": 358.555,
  "currentMuonValue": 140.113872,
  "currentTSMonValue": 53.21814467890141,
  "currentGOOGLonValue": 47.89674058242052
}