{
  "tokenPrice": 6.380436799839713e-10,
  "portfolioValue": 231.63997897126794,
  "profit": 29.703691971267943,
  "valuation": 638.0436799839713,
  "nasdaqPE": 31.480282,
  "adjustedPE": 21.480282,
  "muonPrice": 853.562857,
  "tsmonPrice": 408.43,
  "googlonPrice": 370.62,
  "currentMuonValue": 130.15126443536,
  "currentTSMonValue": 51.980298826583855,
  "currentGOOGLonValue": 49.508415709324076
}