{
  "tokenPrice": 1.6394657980758476e-09,
  "portfolioValue": 264.43237917166454,
  "profit": 62.49609217166454,
  "valuation": 1639.4657980758477,
  "nasdaqPE": 36.233093,
  "adjustedPE": 26.233092999999997,
  "muonPrice": 1041.4607819900052,
  "tsmonPrice": 441.7917214288426,
  "googlonPrice": 369.8401555457867,
  "currentMuonValue": 158.801940037836,
  "currentTSMonValue": 56.22619714267348,
  "currentGOOGLonValue": 49.40424199115505
}