{
  "tokenPrice": 6.07800627446411e-10,
  "portfolioValue": 231.00119820680757,
  "profit": 29.06491120680758,
  "valuation": 607.800627446411,
  "nasdaqPE": 30.911835,
  "adjustedPE": 20.911835,
  "muonPrice": 870.16,
  "tsmonPrice": 402.675,
  "googlonPrice": 352.376,
  "currentMuonValue": 132.6819968,
  "currentTSMonValue": 51.24786825158449,
  "currentGOOGLonValue": 47.07133315522308
}