{
  "tokenPrice": 1.710799324018102e-09,
  "portfolioValue": 280.4213775344366,
  "profit": 78.48509053443661,
  "valuation": 1710.799324018102,
  "nasdaqPE": 31.797762,
  "adjustedPE": 21.797762,
  "muonPrice": 1177.521667,
  "tsmonPrice": 433.645,
  "googlonPrice": 341.986667,
  "currentMuonValue": 179.54850378416,
  "currentTSMonValue": 55.189375620434234,
  "currentGOOGLonValue": 45.68349812984238
}