{
  "tokenPrice": 1.5324727301264167e-09,
  "portfolioValue": 273.0895800667284,
  "profit": 71.1532930667284,
  "valuation": 1532.4727301264168,
  "nasdaqPE": 31.537622,
  "adjustedPE": 21.537622,
  "muonPrice": 1133.165909,
  "tsmonPrice": 431.5,
  "googlonPrice": 339.775,
  "currentMuonValue": 172.78513780432002,
  "currentTSMonValue": 54.9163845546873,
  "currentGOOGLonValue": 45.38805770772108
}