{
  "tokenPrice": 9.946938796839088e-10,
  "portfolioValue": 248.37185897165375,
  "profit": 46.43557197165376,
  "valuation": 994.6938796839087,
  "nasdaqPE": 31.420946,
  "adjustedPE": 21.420946,
  "muonPrice": 973.29,
  "tsmonPrice": 421.204286,
  "googlonPrice": 347.04,
  "currentMuonValue": 148.4072592,
  "currentTSMonValue": 53.60606383791075,
  "currentGOOGLonValue": 46.35853593374299
}