{
  "tokenPrice": 1.5461303198054712e-09,
  "portfolioValue": 271.4090538053071,
  "profit": 69.47276680530712,
  "valuation": 1546.1303198054711,
  "nasdaqPE": 32.2552,
  "adjustedPE": 22.255200000000002,
  "muonPrice": 1094.7452,
  "tsmonPrice": 438.753333,
  "googlonPrice": 364.14,
  "currentMuonValue": 166.926748096,
  "currentTSMonValue": 55.83950581617328,
  "currentGOOGLonValue": 48.64279989313385
}