{
  "tokenPrice": 1.7414998320077945e-09,
  "portfolioValue": 280.00514575769927,
  "profit": 78.06885875769927,
  "valuation": 1741.4998320077946,
  "nasdaqPE": 32.307228,
  "adjustedPE": 22.307228000000002,
  "muonPrice": 1145.36,
  "tsmonPrice": 454.755,
  "googlonPrice": 355.47,
  "currentMuonValue": 174.6444928,
  "currentTSMonValue": 57.8760149667829,
  "currentGOOGLonValue": 47.48463799091638
}