{
  "tokenPrice": 1.352756926997446e-09,
  "portfolioValue": 263.5651188676329,
  "profit": 61.628831867632925,
  "valuation": 1352.756926997446,
  "nasdaqPE": 31.950066,
  "adjustedPE": 21.950066,
  "muonPrice": 1058.56,
  "tsmonPrice": 439.406667,
  "googlonPrice": 346.102,
  "currentMuonValue": 161.4092288,
  "currentTSMonValue": 55.92265469493725,
  "currentGOOGLonValue": 46.233235372695695
}