{
  "tokenPrice": 1.1187091115811294e-09,
  "portfolioValue": 252.280256844677,
  "profit": 50.34396984467702,
  "valuation": 1118.7091115811295,
  "nasdaqPE": 32.221313,
  "adjustedPE": 22.221313000000002,
  "muonPrice": 978.511429,
  "tsmonPrice": 435.053333,
  "googlonPrice": 357.14375,
  "currentMuonValue": 149.20342269392,
  "currentTSMonValue": 55.36861213633008,
  "currentGOOGLonValue": 47.70822201442694
}