{
  "tokenPrice": 5.403874286399044e-10,
  "portfolioValue": 227.24233758330325,
  "profit": 25.30605058330326,
  "valuation": 540.3874286399044,
  "nasdaqPE": 31.35408,
  "adjustedPE": 21.35408,
  "muonPrice": 852.12,
  "tsmonPrice": 397.473333,
  "googlonPrice": 349.785,
  "currentMuonValue": 129.9312576,
  "currentTSMonValue": 50.58585957186855,
  "currentGOOGLonValue": 46.725220411434684
}