{
  "tokenPrice": 9.824970104365923e-10,
  "portfolioValue": 247.44268913046534,
  "profit": 45.50640213046535,
  "valuation": 982.4970104365923,
  "nasdaqPE": 31.590303,
  "adjustedPE": 21.590303,
  "muonPrice": 942.666667,
  "tsmonPrice": 435.657143,
  "googlonPrice": 361.27,
  "currentMuonValue": 143.73781338416,
  "currentTSMonValue": 55.44545816682363,
  "currentGOOGLonValue": 48.2594175794817
}