{
  "tokenPrice": 1.747253116163781e-09,
  "portfolioValue": 268.11975114310667,
  "profit": 66.18346414310668,
  "valuation": 1747.253116163781,
  "nasdaqPE": 36.400146,
  "adjustedPE": 26.400146,
  "muonPrice": 1065.86,
  "tsmonPrice": 447.43125,
  "googlonPrice": 364.22,
  "currentMuonValue": 162.5223328,
  "currentTSMonValue": 56.94393183495812,
  "currentGOOGLonValue": 48.65348650814855
}