{
  "tokenPrice": 1.1380796730456894e-09,
  "portfolioValue": 253.21384103571557,
  "profit": 51.27755403571558,
  "valuation": 1138.0796730456893,
  "nasdaqPE": 32.1945,
  "adjustedPE": 22.194499999999998,
  "muonPrice": 989.083333,
  "tsmonPrice": 425.91,
  "googlonPrice": 360.77625,
  "currentMuonValue": 150.81542661584,
  "currentTSMonValue": 54.2049532924377,
  "currentGOOGLonValue": 48.193461127437885
}