{
  "tokenPrice": 1.0073960472156514e-09,
  "portfolioValue": 248.77142945120454,
  "profit": 46.83514245120455,
  "valuation": 1007.3960472156514,
  "nasdaqPE": 31.509405,
  "adjustedPE": 21.509405,
  "muonPrice": 971.95,
  "tsmonPrice": 423.76875,
  "googlonPrice": 349.1175,
  "currentMuonValue": 148.20293600000002,
  "currentTSMonValue": 53.93243948379871,
  "currentGOOGLonValue": 46.63605396740583
}