{
  "tokenPrice": 7.792562154842348e-10,
  "portfolioValue": 239.20017204328934,
  "profit": 37.26388504328935,
  "valuation": 779.2562154842348,
  "nasdaqPE": 30.911835,
  "adjustedPE": 20.911835,
  "muonPrice": 910.838571,
  "tsmonPrice": 413.893846,
  "googlonPrice": 356.631783,
  "currentMuonValue": 138.88466530608,
  "currentTSMonValue": 52.67567465064779,
  "currentGOOGLonValue": 47.63983208656158
}