{
  "tokenPrice": 8.125589842439079e-10,
  "portfolioValue": 239.55579477088108,
  "profit": 37.619507770881086,
  "valuation": 812.5589842439078,
  "nasdaqPE": 31.599405,
  "adjustedPE": 21.599405,
  "muonPrice": 903.59,
  "tsmonPrice": 419.885,
  "googlonPrice": 361.86,
  "currentMuonValue": 137.77940320000002,
  "currentTSMonValue": 53.43816020566599,
  "currentGOOGLonValue": 48.33823136521507
}