{
  "tokenPrice": 7.893891958375759e-10,
  "portfolioValue": 239.53986657429706,
  "profit": 37.60357957429707,
  "valuation": 789.3891958375759,
  "nasdaqPE": 30.992395,
  "adjustedPE": 20.992395,
  "muonPrice": 912.005,
  "tsmonPrice": 414.73,
  "googlonPrice": 357.046667,
  "currentMuonValue": 139.0625224,
  "currentTSMonValue": 52.7820907679385,
  "currentGOOGLonValue": 47.69525340635854
}