{
  "tokenPrice": 1.6407811930713447e-09,
  "portfolioValue": 276.6408014012652,
  "profit": 74.70451440126521,
  "valuation": 1640.7811930713447,
  "nasdaqPE": 31.963615,
  "adjustedPE": 21.963615,
  "muonPrice": 1158.8,
  "tsmonPrice": 427.143077,
  "googlonPrice": 341.25,
  "currentMuonValue": 176.693824,
  "currentTSMonValue": 54.36188522921068,
  "currentGOOGLonValue": 45.5850921720545
}