{
  "tokenPrice": 6.730768719959071e-10,
  "portfolioValue": 234.16758455499212,
  "profit": 32.231297554992125,
  "valuation": 673.0768719959071,
  "nasdaqPE": 30.882711,
  "adjustedPE": 20.882711,
  "muonPrice": 889.266667,
  "tsmonPrice": 408.52,
  "googlonPrice": 348.70125,
  "currentMuonValue": 135.59538138416,
  "currentTSMonValue": 51.99175299717463,
  "currentGOOGLonValue": 46.580450173657496
}