{
  "tokenPrice": 1.1089741653943315e-09,
  "portfolioValue": 252.7941593878993,
  "profit": 50.857872387899306,
  "valuation": 1108.9741653943315,
  "nasdaqPE": 31.805359,
  "adjustedPE": 21.805359,
  "muonPrice": 976.522222,
  "tsmonPrice": 437.521429,
  "googlonPrice": 360.91,
  "currentMuonValue": 148.90010841056002,
  "currentTSMonValue": 55.682723165423674,
  "currentGOOGLonValue": 48.21132781191558
}