{
  "tokenPrice": 1.6135380981813998e-09,
  "portfolioValue": 263.44402069275975,
  "profit": 61.50773369275976,
  "valuation": 1613.5380981813998,
  "nasdaqPE": 36.233093,
  "adjustedPE": 26.233092999999997,
  "muonPrice": 1036.1453679642777,
  "tsmonPrice": 440.58340219074665,
  "googlonPrice": 369.6598694872767,
  "currentMuonValue": 157.99144570719307,
  "currentTSMonValue": 56.07241609065933,
  "currentGOOGLonValue": 49.38015889490739
}