{
  "tokenPrice": 8.219911608314525e-10,
  "portfolioValue": 239.503650684256,
  "profit": 37.56736368425601,
  "valuation": 821.9911608314525,
  "nasdaqPE": 31.880459,
  "adjustedPE": 21.880459,
  "muonPrice": 893.358228,
  "tsmonPrice": 421.361111,
  "googlonPrice": 371.742523,
  "currentMuonValue": 136.21926260544,
  "currentTSMonValue": 53.62602273016519,
  "currentGOOGLonValue": 49.65836534865082
}