{
  "tokenPrice": 1.6703557163889536e-09,
  "portfolioValue": 265.71071031903335,
  "profit": 63.77442331903336,
  "valuation": 1670.3557163889536,
  "nasdaqPE": 36.191624,
  "adjustedPE": 26.191623999999997,
  "muonPrice": 1059.577143,
  "tsmonPrice": 438.912857,
  "googlonPrice": 361.473333,
  "currentMuonValue": 161.56432276464,
  "currentTSMonValue": 55.859808206276874,
  "currentGOOGLonValue": 48.28657934811649
}