{
  "tokenPrice": 1.140360833273399e-09,
  "portfolioValue": 253.25462418706894,
  "profit": 51.31833718706895,
  "valuation": 1140.3608332733988,
  "nasdaqPE": 32.221313,
  "adjustedPE": 22.221313000000002,
  "muonPrice": 982.766667,
  "tsmonPrice": 435.794,
  "googlonPrice": 358.875,
  "currentMuonValue": 149.85226138416,
  "currentTSMonValue": 55.46287576042965,
  "currentGOOGLonValue": 47.9394870424793
}