{
  "tokenPrice": 8.637781430612756e-10,
  "portfolioValue": 242.43974216913108,
  "profit": 40.50345516913109,
  "valuation": 863.7781430612756,
  "nasdaqPE": 31.326036,
  "adjustedPE": 21.326036,
  "muonPrice": 960.653333,
  "tsmonPrice": 414.365,
  "googlonPrice": 323.5725,
  "currentMuonValue": 146.48042021584,
  "currentTSMonValue": 52.73563774276478,
  "currentGOOGLonValue": 43.223684210526315
}