{
  "tokenPrice": 1.6945568567717327e-09,
  "portfolioValue": 279.39693455256486,
  "profit": 77.46064755256486,
  "valuation": 1694.5568567717328,
  "nasdaqPE": 31.876358,
  "adjustedPE": 21.876358,
  "muonPrice": 1173.625,
  "tsmonPrice": 429.246,
  "googlonPrice": 342.956667,
  "currentMuonValue": 178.95434,
  "currentTSMonValue": 54.6295212156693,
  "currentGOOGLonValue": 45.81307333689554
}