{
  "tokenPrice": 8.434678682026078e-10,
  "portfolioValue": 242.60640310941298,
  "profit": 40.67011610941299,
  "valuation": 843.4678682026077,
  "nasdaqPE": 30.739254,
  "adjustedPE": 20.739254,
  "muonPrice": 968.29061,
  "tsmonPrice": 412.152419,
  "googlonPrice": 318.210435,
  "currentMuonValue": 147.6449522128,
  "currentTSMonValue": 52.45404574032122,
  "currentGOOGLonValue": 42.50740515629175
}