{
  "tokenPrice": 1.1698603834190722e-09,
  "portfolioValue": 254.53620587940492,
  "profit": 52.599918879404925,
  "valuation": 1169.8603834190721,
  "nasdaqPE": 32.240726,
  "adjustedPE": 22.240726000000002,
  "muonPrice": 992.923333,
  "tsmonPrice": 438.3975,
  "googlonPrice": 354.395,
  "currentMuonValue": 151.40094981584,
  "currentTSMonValue": 55.79421946190851,
  "currentGOOGLonValue": 47.34103660165643
}