{
  "tokenPrice": 1.8440047990012664e-09,
  "portfolioValue": 282.154319349067,
  "profit": 80.21803234906702,
  "valuation": 1844.0047990012663,
  "nasdaqPE": 32.98741,
  "adjustedPE": 22.987409999999997,
  "muonPrice": 1144.26,
  "tsmonPrice": 460.2875,
  "googlonPrice": 367.543333,
  "currentMuonValue": 174.4767648,
  "currentTSMonValue": 58.58012828671061,
  "currentGOOGLonValue": 49.09742626235641
}