{
  "tokenPrice": 9.416063182684295e-10,
  "portfolioValue": 244.25609053371716,
  "profit": 42.31980353371716,
  "valuation": 941.6063182684295,
  "nasdaqPE": 32.24978,
  "adjustedPE": 22.24978,
  "muonPrice": 915.75,
  "tsmonPrice": 440.3008,
  "googlonPrice": 363.715401,
  "currentMuonValue": 139.63356000000002,
  "currentTSMonValue": 56.0364497161911,
  "currentGOOGLonValue": 48.58608081752605
}