{
  "tokenPrice": 9.134926751742059e-10,
  "portfolioValue": 244.22877955589243,
  "profit": 42.29249255589244,
  "valuation": 913.4926751742059,
  "nasdaqPE": 31.599405,
  "adjustedPE": 21.599405,
  "muonPrice": 926.337,
  "tsmonPrice": 426.675,
  "googlonPrice": 364.408,
  "currentMuonValue": 141.24786576,
  "currentTSMonValue": 54.30231374245933,
  "currentGOOGLonValue": 48.67860005343308
}