{
  "tokenPrice": 6.595326256559768e-10,
  "portfolioValue": 233.35398020060796,
  "profit": 31.41769320060797,
  "valuation": 659.5326256559767,
  "nasdaqPE": 30.992395,
  "adjustedPE": 20.992395,
  "muonPrice": 877.626667,
  "tsmonPrice": 408.525,
  "googlonPrice": 355.8925,
  "currentMuonValue": 133.82051418416,
  "currentTSMonValue": 51.99238933998523,
  "currentGOOGLonValue": 47.54107667646273
}