{
  "tokenPrice": 1.870489814954202e-09,
  "portfolioValue": 283.2317281047809,
  "profit": 81.29544110478093,
  "valuation": 1870.4898149542016,
  "nasdaqPE": 33.008545,
  "adjustedPE": 23.008544999999998,
  "muonPrice": 1150.935294,
  "tsmonPrice": 462.296667,
  "googlonPrice": 366.075,
  "currentMuonValue": 175.49461362912,
  "currentTSMonValue": 58.83583208185913,
  "currentGOOGLonValue": 48.901282393801765
}