{
  "tokenPrice": 8.391048502028124e-10,
  "portfolioValue": 240.40716796216407,
  "profit": 38.470880962164074,
  "valuation": 839.1048502028124,
  "nasdaqPE": 31.811428,
  "adjustedPE": 21.811428,
  "muonPrice": 901.975,
  "tsmonPrice": 419.493333,
  "googlonPrice": 370.45,
  "currentMuonValue": 137.533148,
  "currentTSMonValue": 53.38831330974622,
  "currentGOOGLonValue": 49.485706652417846
}