{
  "tokenPrice": 1.533911256842954e-09,
  "portfolioValue": 273.1563714105702,
  "profit": 71.22008441057022,
  "valuation": 1533.9112568429541,
  "nasdaqPE": 31.537622,
  "adjustedPE": 21.537622,
  "muonPrice": 1133.165909,
  "tsmonPrice": 431.5,
  "googlonPrice": 340.275,
  "currentMuonValue": 172.78513780432002,
  "currentTSMonValue": 54.9163845546873,
  "currentGOOGLonValue": 45.45484905156292
}