{
  "tokenPrice": 6.043002091025542e-10,
  "portfolioValue": 230.23533847412364,
  "profit": 28.299051474123644,
  "valuation": 604.3002091025542,
  "nasdaqPE": 31.35408,
  "adjustedPE": 21.35408,
  "muonPrice": 855.464348,
  "tsmonPrice": 410.153333,
  "googlonPrice": 356.2925,
  "currentMuonValue": 130.44120378304,
  "currentTSMonValue": 52.19962493954743,
  "currentGOOGLonValue": 47.59450975153621
}