{
  "tokenPrice": 9.270922521949108e-10,
  "portfolioValue": 243.86523613511088,
  "profit": 41.928949135110884,
  "valuation": 927.0922521949108,
  "nasdaqPE": 32.11103,
  "adjustedPE": 22.11103,
  "muonPrice": 922.016,
  "tsmonPrice": 423.673333,
  "googlonPrice": 369.478571,
  "currentMuonValue": 140.58899968,
  "currentTSMonValue": 53.92029589940692,
  "currentGOOGLonValue": 49.35594055570398
}