{
  "tokenPrice": 1.6563260176532425e-09,
  "portfolioValue": 264.8647753902407,
  "profit": 62.928488390240716,
  "valuation": 1656.3260176532426,
  "nasdaqPE": 36.320766,
  "adjustedPE": 26.320766,
  "muonPrice": 1039.5922117540047,
  "tsmonPrice": 447.1511207161475,
  "googlonPrice": 370.1039080398515,
  "currentMuonValue": 158.51702044825063,
  "currentTSMonValue": 56.90828018379457,
  "currentGOOGLonValue": 49.4394747581955
}