{
  "tokenPrice": 1.7170022393266704e-09,
  "portfolioValue": 266.9738909332006,
  "profit": 65.03760393320061,
  "valuation": 1717.0022393266704,
  "nasdaqPE": 36.400146,
  "adjustedPE": 26.400146,
  "muonPrice": 1059.985545,
  "tsmonPrice": 446.373846,
  "googlonPrice": 363.355,
  "currentMuonValue": 161.6265959016,
  "currentTSMonValue": 56.809357548298415,
  "currentGOOGLonValue": 48.53793748330217
}