{
  "tokenPrice": 8.403632813036146e-10,
  "portfolioValue": 241.04901305660937,
  "profit": 39.112726056609375,
  "valuation": 840.3632813036146,
  "nasdaqPE": 31.485674,
  "adjustedPE": 21.485674,
  "muonPrice": 930.845455,
  "tsmonPrice": 413.6,
  "googlonPrice": 347.915,
  "currentMuonValue": 141.93531497840002,
  "currentTSMonValue": 52.63827729274314,
  "currentGOOGLonValue": 46.47542078546621
}