{
  "tokenPrice": 1.3297114226303443e-09,
  "portfolioValue": 261.8480409313949,
  "profit": 59.91175393139491,
  "valuation": 1329.7114226303443,
  "nasdaqPE": 32.1945,
  "adjustedPE": 22.194499999999998,
  "muonPrice": 1032.385,
  "tsmonPrice": 437.112,
  "googlonPrice": 365.312012,
  "currentMuonValue": 157.4180648,
  "currentTSMonValue": 55.630615725303535,
  "currentGOOGLonValue": 48.799360406091374
}