{
  "tokenPrice": 5.939136684427624e-10,
  "portfolioValue": 229.74894240087713,
  "profit": 27.812655400877134,
  "valuation": 593.9136684427624,
  "nasdaqPE": 31.35408,
  "adjustedPE": 21.35408,
  "muonPrice": 852.24,
  "tsmonPrice": 410.364,
  "googlonPrice": 356.131111,
  "currentMuonValue": 129.9495552,
  "currentTSMonValue": 52.22643622572351,
  "currentGOOGLonValue": 47.57295097515362
}