{
  "tokenPrice": 1.4031988603659492e-09,
  "portfolioValue": 255.2357720573469,
  "profit": 53.299485057346914,
  "valuation": 1403.1988603659493,
  "nasdaqPE": 36.326687,
  "adjustedPE": 26.326687,
  "muonPrice": 1002.42,
  "tsmonPrice": 428.371429,
  "googlonPrice": 358.344,
  "currentMuonValue": 152.8490016,
  "currentTSMonValue": 54.518215822027635,
  "currentGOOGLonValue": 47.86855463531926
}