{
  "tokenPrice": 1.0307380929256165e-09,
  "portfolioValue": 248.2620525997325,
  "profit": 46.325765599732506,
  "valuation": 1030.7380929256165,
  "nasdaqPE": 32.24978,
  "adjustedPE": 22.24978,
  "muonPrice": 934.265714,
  "tsmonPrice": 444.031111,
  "googlonPrice": 369.015,
  "currentMuonValue": 142.45683607072002,
  "currentTSMonValue": 56.51120103342072,
  "currentGOOGLonValue": 49.29401549559177
}