{
  "tokenPrice": 8.930423285482591e-10,
  "portfolioValue": 243.29320803046832,
  "profit": 41.35692103046833,
  "valuation": 893.0423285482591,
  "nasdaqPE": 31.59354,
  "adjustedPE": 21.59354,
  "muonPrice": 934.015,
  "tsmonPrice": 422.335,
  "googlonPrice": 352.775,
  "currentMuonValue": 142.4186072,
  "currentTSMonValue": 53.74996818285946,
  "currentGOOGLonValue": 47.12463264760887
}