{
  "tokenPrice": 9.179314693035302e-10,
  "portfolioValue": 243.244893260284,
  "profit": 41.308606260283995,
  "valuation": 917.9314693035302,
  "nasdaqPE": 32.221313,
  "adjustedPE": 22.221313000000002,
  "muonPrice": 922.707778,
  "tsmonPrice": 433.385226,
  "googlonPrice": 354.792208,
  "currentMuonValue": 140.69448198944,
  "currentTSMonValue": 55.156314556978124,
  "currentGOOGLonValue": 47.394096713865885
}