{
  "tokenPrice": 6.813266170693155e-10,
  "portfolioValue": 235.3231484807269,
  "profit": 33.38686148072691,
  "valuation": 681.3266170693155,
  "nasdaqPE": 30.407028,
  "adjustedPE": 20.407028,
  "muonPrice": 927.39,
  "tsmonPrice": 404.07,
  "googlonPrice": 318.075,
  "currentMuonValue": 141.4084272,
  "currentTSMonValue": 51.425407895741586,
  "currentGOOGLonValue": 42.48931338498531
}