{
  "tokenPrice": 1.391971052840645e-09,
  "portfolioValue": 264.01952964132784,
  "profit": 62.08324264132784,
  "valuation": 1391.971052840645,
  "nasdaqPE": 32.421043,
  "adjustedPE": 22.421042999999997,
  "muonPrice": 1044.51,
  "tsmonPrice": 445.121429,
  "googlonPrice": 360.096667,
  "currentMuonValue": 159.2668848,
  "currentTSMonValue": 56.649964237534036,
  "currentGOOGLonValue": 48.10268060379376
}