{
  "tokenPrice": 1.0907534960734386e-09,
  "portfolioValue": 251.60323135473357,
  "profit": 49.66694435473357,
  "valuation": 1090.7534960734386,
  "nasdaqPE": 31.961357,
  "adjustedPE": 21.961357,
  "muonPrice": 983.37,
  "tsmonPrice": 422.520588,
  "googlonPrice": 358.47,
  "currentMuonValue": 149.94425760000001,
  "currentTSMonValue": 53.77358770076615,
  "currentGOOGLonValue": 47.885386053967416
}