{
  "tokenPrice": 9.483136322174858e-10,
  "portfolioValue": 244.61214653257963,
  "profit": 42.675859532579636,
  "valuation": 948.3136322174859,
  "nasdaqPE": 32.221313,
  "adjustedPE": 22.221313000000002,
  "muonPrice": 929.226,
  "tsmonPrice": 434.896667,
  "googlonPrice": 356.147143,
  "currentMuonValue": 141.68838048,
  "currentTSMonValue": 55.34867347977702,
  "currentGOOGLonValue": 47.575092572802575
}