{
  "tokenPrice": 1.0652297259511253e-09,
  "portfolioValue": 250.44101855876139,
  "profit": 48.50473155876139,
  "valuation": 1065.2297259511254,
  "nasdaqPE": 31.961357,
  "adjustedPE": 21.961357,
  "muonPrice": 973.090909,
  "tsmonPrice": 426.043333,
  "googlonPrice": 358.146667,
  "currentMuonValue": 148.37690180432,
  "currentTSMonValue": 54.22192239163081,
  "currentGOOGLonValue": 47.84219436281058
}