{
  "tokenPrice": 5.800088432604927e-10,
  "portfolioValue": 229.71088213089524,
  "profit": 27.77459513089525,
  "valuation": 580.0088432604927,
  "nasdaqPE": 30.882711,
  "adjustedPE": 20.882711,
  "muonPrice": 865.855,
  "tsmonPrice": 401.285,
  "googlonPrice": 348.955,
  "currentMuonValue": 132.02557040000002,
  "currentTSMonValue": 51.070964950237986,
  "currentGOOGLonValue": 46.61434678065723
}