{
  "tokenPrice": 1.1045903736103344e-09,
  "portfolioValue": 252.59311744293535,
  "profit": 50.65683044293536,
  "valuation": 1104.5903736103344,
  "nasdaqPE": 31.805359,
  "adjustedPE": 21.805359,
  "muonPrice": 976.522222,
  "tsmonPrice": 437.521429,
  "googlonPrice": 359.405,
  "currentMuonValue": 148.90010841056002,
  "currentTSMonValue": 55.682723165423674,
  "currentGOOGLonValue": 48.01028586695164
}