{
  "tokenPrice": 1.874205684805723e-09,
  "portfolioValue": 287.2685824716572,
  "profit": 85.33229547165723,
  "valuation": 1874.205684805723,
  "nasdaqPE": 31.963615,
  "adjustedPE": 21.963615,
  "muonPrice": 1220.63,
  "tsmonPrice": 435.611111,
  "googlonPrice": 342.165,
  "currentMuonValue": 186.12166240000002,
  "currentTSMonValue": 55.439599740372124,
  "currentGOOGLonValue": 45.70732033128507
}