{
  "tokenPrice": 1.1651917614196762e-09,
  "portfolioValue": 254.6124160917723,
  "profit": 52.67612909177231,
  "valuation": 1165.1917614196761,
  "nasdaqPE": 32.11992,
  "adjustedPE": 22.11992,
  "muonPrice": 989.36,
  "tsmonPrice": 439.1,
  "googlonPrice": 358.363636,
  "currentMuonValue": 150.8576128,
  "currentTSMonValue": 55.88362562679767,
  "currentGOOGLonValue": 47.87117766497462
}