{
  "tokenPrice": 1.1395000022862226e-09,
  "portfolioValue": 253.21588520764067,
  "profit": 51.279598207640674,
  "valuation": 1139.5000022862225,
  "nasdaqPE": 32.221313,
  "adjustedPE": 22.221313000000002,
  "muonPrice": 982.766667,
  "tsmonPrice": 435.794,
  "googlonPrice": 358.585,
  "currentMuonValue": 149.85226138416,
  "currentTSMonValue": 55.46287576042965,
  "currentGOOGLonValue": 47.900748063051026
}