{
  "tokenPrice": 7.977838774137693e-10,
  "portfolioValue": 240.08616133736777,
  "profit": 38.14987433736778,
  "valuation": 797.7838774137692,
  "nasdaqPE": 30.911835,
  "adjustedPE": 20.911835,
  "muonPrice": 916.335,
  "tsmonPrice": 417.085,
  "googlonPrice": 353.95,
  "currentMuonValue": 139.7227608,
  "currentTSMonValue": 53.08180823173059,
  "currentGOOGLonValue": 47.28159230563719
}