{
  "tokenPrice": 1.5253155691722304e-09,
  "portfolioValue": 268.4239276161205,
  "profit": 66.48764061612053,
  "valuation": 1525.3155691722304,
  "nasdaqPE": 32.94134,
  "adjustedPE": 22.941339999999997,
  "muonPrice": 1094.041667,
  "tsmonPrice": 442.21,
  "googlonPrice": 339.303125,
  "currentMuonValue": 166.81947338416,
  "currentTSMonValue": 56.27943085499019,
  "currentGOOGLonValue": 45.32502337697035
}