{
  "tokenPrice": 1.0323968705270526e-09,
  "portfolioValue": 248.95291576848268,
  "profit": 47.01662876848269,
  "valuation": 1032.3968705270527,
  "nasdaqPE": 31.958122,
  "adjustedPE": 21.958122,
  "muonPrice": 965.506667,
  "tsmonPrice": 423.653333,
  "googlonPrice": 357.940909,
  "currentMuonValue": 147.22045658416,
  "currentTSMonValue": 53.917750528164525,
  "currentGOOGLonValue": 47.81470865615816
}