{
  "tokenPrice": 6.450979790971615e-10,
  "portfolioValue": 232.5353744744447,
  "profit": 30.5990874744447,
  "valuation": 645.0979790971614,
  "nasdaqPE": 31.082262,
  "adjustedPE": 21.082262,
  "muonPrice": 888.473333,
  "tsmonPrice": 401.05,
  "googlonPrice": 344.505,
  "currentMuonValue": 135.47441381584,
  "currentTSMonValue": 51.04105683813984,
  "currentGOOGLonValue": 46.01990382046487
}