{
  "tokenPrice": 1.1011910638838685e-09,
  "portfolioValue": 252.03872957686016,
  "profit": 50.10244257686017,
  "valuation": 1101.1910638838685,
  "nasdaqPE": 31.97879,
  "adjustedPE": 21.97879,
  "muonPrice": 982.014286,
  "tsmonPrice": 423.011429,
  "googlonPrice": 362.81,
  "currentMuonValue": 149.73753832928,
  "currentTSMonValue": 53.83605632906559,
  "currentGOOGLonValue": 48.465134918514565
}