{
  "tokenPrice": 1.3758279591628713e-09,
  "portfolioValue": 262.39633560536123,
  "profit": 60.46004860536124,
  "valuation": 1375.8279591628714,
  "nasdaqPE": 32.755985,
  "adjustedPE": 22.755985000000003,
  "muonPrice": 1035.58,
  "tsmonPrice": 436.55,
  "googlonPrice": 366.305,
  "currentMuonValue": 157.9052384,
  "currentTSMonValue": 55.55909079339221,
  "currentGOOGLonValue": 48.93200641196901
}