{
  "tokenPrice": 1.1351964209362931e-09,
  "portfolioValue": 253.02405765696295,
  "profit": 51.08777065696296,
  "valuation": 1135.1964209362932,
  "nasdaqPE": 32.220512,
  "adjustedPE": 22.220512,
  "muonPrice": 974.095,
  "tsmonPrice": 432.873333,
  "googlonPrice": 369.83,
  "currentMuonValue": 148.5300056,
  "currentTSMonValue": 55.09116667090895,
  "currentGOOGLonValue": 49.40288538605397
}