{
  "tokenPrice": 9.500321379467771e-10,
  "portfolioValue": 245.21780323538522,
  "profit": 43.281516235385226,
  "valuation": 950.0321379467772,
  "nasdaqPE": 31.950066,
  "adjustedPE": 21.950066,
  "muonPrice": 933.772,
  "tsmonPrice": 426.78,
  "googlonPrice": 363.225,
  "currentMuonValue": 142.38155456,
  "currentTSMonValue": 54.315676941481904,
  "currentGOOGLonValue": 48.520571733903296
}