{
  "tokenPrice": 1.1808647668626768e-09,
  "portfolioValue": 255.32096320419407,
  "profit": 53.38467620419408,
  "valuation": 1180.8647668626768,
  "nasdaqPE": 32.11992,
  "adjustedPE": 22.11992,
  "muonPrice": 994.15,
  "tsmonPrice": 438.873333,
  "googlonPrice": 358.416154,
  "currentMuonValue": 151.587992,
  "currentTSMonValue": 55.854778043627654,
  "currentGOOGLonValue": 47.8781931605664
}