{
  "tokenPrice": 1.0179694010282655e-09,
  "portfolioValue": 249.31527083026128,
  "profit": 47.37898383026129,
  "valuation": 1017.9694010282655,
  "nasdaqPE": 31.485674,
  "adjustedPE": 21.485674,
  "muonPrice": 977.284,
  "tsmonPrice": 421.901935,
  "googlonPrice": 348.878696,
  "currentMuonValue": 149.01626432,
  "currentTSMonValue": 53.694852623005055,
  "currentGOOGLonValue": 46.60415388725621
}