{
  "tokenPrice": 8.515423784687772e-10,
  "portfolioValue": 240.85422644856354,
  "profit": 38.917939448563544,
  "valuation": 851.5423784687772,
  "nasdaqPE": 31.880459,
  "adjustedPE": 21.880459,
  "muonPrice": 901.306667,
  "tsmonPrice": 422.3,
  "googlonPrice": 371.885556,
  "currentMuonValue": 137.43124058416,
  "currentTSMonValue": 53.745513783185274,
  "currentGOOGLonValue": 49.677472081218276
}