{
  "tokenPrice": 1.532555656353557e-09,
  "portfolioValue": 273.0934303630675,
  "profit": 71.15714336306752,
  "valuation": 1532.555656353557,
  "nasdaqPE": 31.537622,
  "adjustedPE": 21.537622,
  "muonPrice": 1134.466667,
  "tsmonPrice": 431.245,
  "googlonPrice": 338.562,
  "currentMuonValue": 172.98347738415998,
  "currentTSMonValue": 54.88393107134675,
  "currentGOOGLonValue": 45.226021907560785
}