{
  "tokenPrice": 4.814428584506596e-10,
  "portfolioValue": 224.99090181752342,
  "profit": 23.05461481752343,
  "valuation": 481.4428584506595,
  "nasdaqPE": 30.882711,
  "adjustedPE": 20.882711,
  "muonPrice": 839.45,
  "tsmonPrice": 397.76,
  "googlonPrice": 347.12,
  "currentMuonValue": 127.99933600000001,
  "currentTSMonValue": 50.62234326876574,
  "currentGOOGLonValue": 46.36922254875768
}