{
  "tokenPrice": 5.798408038146139e-10,
  "portfolioValue": 229.70283530948979,
  "profit": 27.766548309489792,
  "valuation": 579.8408038146139,
  "nasdaqPE": 30.882711,
  "adjustedPE": 20.882711,
  "muonPrice": 865.625161,
  "tsmonPrice": 402.058602,
  "googlonPrice": 348.420079,
  "currentMuonValue": 131.99052454928002,
  "currentTSMonValue": 51.169420164430974,
  "currentGOOGLonValue": 46.542890595778786
}