{
  "tokenPrice": 1.4194100809462228e-09,
  "portfolioValue": 258.7126902378489,
  "profit": 56.77640323784891,
  "valuation": 1419.4100809462227,
  "muonPrice": 1006.640553775995,
  "tsmonPrice": 427.54946999754117,
  "googlonPrice": 380.3377009207342,
  "currentMuonValue": 153.49255163976372,
  "currentTSMonValue": 54.413606281663284,
  "currentGOOGLonValue": 50.80653231642189
}