{
  "tokenPrice": 8.924216853256853e-10,
  "portfolioValue": 243.1635530332441,
  "profit": 41.22726603324412,
  "valuation": 892.4216853256853,
  "nasdaqPE": 31.646395,
  "adjustedPE": 21.646395,
  "muonPrice": 930.093333,
  "tsmonPrice": 423.621667,
  "googlonPrice": 355.055,
  "currentMuonValue": 141.82063141584,
  "currentTSMonValue": 53.91372044187644,
  "currentGOOGLonValue": 47.42920117552766
}