{
  "tokenPrice": 1.627746419335622e-09,
  "portfolioValue": 263.98563891346373,
  "profit": 62.04935191346374,
  "valuation": 1627.746419335622,
  "nasdaqPE": 36.233093,
  "adjustedPE": 26.233092999999997,
  "muonPrice": 1039.8961883700028,
  "tsmonPrice": 441.10219103482507,
  "googlonPrice": 368.9387252532368,
  "currentMuonValue": 158.56337080265803,
  "currentTSMonValue": 56.138441600888974,
  "currentGOOGLonValue": 49.28382650991675
}