{
  "tokenPrice": 1.0066547769155883e-09,
  "portfolioValue": 248.7381418126825,
  "profit": 46.80185481268251,
  "valuation": 1006.6547769155883,
  "nasdaqPE": 31.508865,
  "adjustedPE": 21.508865,
  "muonPrice": 971.205,
  "tsmonPrice": 424.542,
  "googlonPrice": 348.982,
  "currentMuonValue": 148.0893384,
  "currentTSMonValue": 54.03084989945783,
  "currentGOOGLonValue": 46.61795351322469
}