{
  "tokenPrice": 6.91767837141363e-10,
  "portfolioValue": 234.15261330281993,
  "profit": 32.21632630281994,
  "valuation": 691.7678371413631,
  "nasdaqPE": 31.472586,
  "adjustedPE": 21.472586,
  "muonPrice": 871.325,
  "tsmonPrice": 411.67125,
  "googlonPrice": 366.066667,
  "currentMuonValue": 132.85963600000002,
  "currentTSMonValue": 52.3928080535546,
  "currentGOOGLonValue": 48.900169249265296
}