{
  "tokenPrice": 1.8659102354658236e-09,
  "portfolioValue": 283.03268990013225,
  "profit": 81.09640290013226,
  "valuation": 1865.9102354658235,
  "nasdaqPE": 33.008545,
  "adjustedPE": 23.008544999999998,
  "muonPrice": 1150.935294,
  "tsmonPrice": 462.296667,
  "googlonPrice": 364.585,
  "currentMuonValue": 175.49461362912,
  "currentTSMonValue": 58.83583208185913,
  "currentGOOGLonValue": 48.702244189153085
}