{
  "tokenPrice": 6.841430377268393e-10,
  "portfolioValue": 233.2035944055183,
  "profit": 31.267307405518295,
  "valuation": 684.1430377268393,
  "nasdaqPE": 31.880459,
  "adjustedPE": 21.880459,
  "muonPrice": 864.4928,
  "tsmonPrice": 400.04,
  "googlonPrice": 377.8425,
  "currentMuonValue": 131.817862144,
  "currentTSMonValue": 50.912515590398854,
  "currentGOOGLonValue": 50.473216671119424
}