{
  "tokenPrice": 8.717268148778286e-10,
  "portfolioValue": 242.3803655082699,
  "profit": 40.44407850826991,
  "valuation": 871.7268148778286,
  "nasdaqPE": 31.55388,
  "adjustedPE": 21.55388,
  "muonPrice": 911.3325,
  "tsmonPrice": 428.215714,
  "googlonPrice": 366.23,
  "currentMuonValue": 138.9599796,
  "currentTSMonValue": 54.49839819787715,
  "currentGOOGLonValue": 48.92198771039274
}