{
  "tokenPrice": 1.6463058028354721e-09,
  "portfolioValue": 264.47001191705743,
  "profit": 62.53372491705744,
  "valuation": 1646.3058028354722,
  "nasdaqPE": 36.326687,
  "adjustedPE": 26.326687,
  "muonPrice": 1054.12026,
  "tsmonPrice": 436.308824,
  "googlonPrice": 360.895254,
  "currentMuonValue": 160.7322572448,
  "currentTSMonValue": 55.52839667065441,
  "currentGOOGLonValue": 48.209358001603
}