{
  "tokenPrice": 1.534716831804216e-09,
  "portfolioValue": 273.1937745631217,
  "profit": 71.25748756312169,
  "valuation": 1534.7168318042159,
  "nasdaqPE": 31.537622,
  "adjustedPE": 21.537622,
  "muonPrice": 1133.165909,
  "tsmonPrice": 431.5,
  "googlonPrice": 340.555,
  "currentMuonValue": 172.78513780432002,
  "currentTSMonValue": 54.9163845546873,
  "currentGOOGLonValue": 45.49225220411435
}