{
  "tokenPrice": 9.290199610883247e-10,
  "portfolioValue": 246.73153185732826,
  "profit": 44.79524485732827,
  "valuation": 929.0199610883247,
  "nasdaqPE": 30.739254,
  "adjustedPE": 20.739254,
  "muonPrice": 992.628571,
  "tsmonPrice": 414.857143,
  "googlonPrice": 318.733333,
  "currentMuonValue": 151.35600450608,
  "currentTSMonValue": 52.7982720747321,
  "currentGOOGLonValue": 42.57725527651617
}