{
  "tokenPrice": 1.133650545544867e-09,
  "portfolioValue": 253.18649701635027,
  "profit": 51.25021001635028,
  "valuation": 1133.6505455448669,
  "nasdaqPE": 32.11992,
  "adjustedPE": 22.11992,
  "muonPrice": 982.766667,
  "tsmonPrice": 435.794,
  "googlonPrice": 358.365,
  "currentMuonValue": 149.85226138416,
  "currentTSMonValue": 55.46287576042965,
  "currentGOOGLonValue": 47.871359871760625
}