{
  "tokenPrice": 1.0170454561591868e-09,
  "portfolioValue": 249.0428725888723,
  "profit": 47.10658558887232,
  "valuation": 1017.0454561591868,
  "nasdaqPE": 31.590303,
  "adjustedPE": 21.590303,
  "muonPrice": 951.7,
  "tsmonPrice": 436.833333,
  "googlonPrice": 361.817143,
  "currentMuonValue": 145.115216,
  "currentTSMonValue": 55.595150176903296,
  "currentGOOGLonValue": 48.33250641196901
}