{
  "tokenPrice": 1.533249534553347e-09,
  "portfolioValue": 273.125647392403,
  "profit": 71.18936039240299,
  "valuation": 1533.249534553347,
  "nasdaqPE": 31.537622,
  "adjustedPE": 21.537622,
  "muonPrice": 1133.165909,
  "tsmonPrice": 431.5,
  "googlonPrice": 340.045,
  "currentMuonValue": 172.78513780432002,
  "currentTSMonValue": 54.9163845546873,
  "currentGOOGLonValue": 45.424125033395676
}