{
  "tokenPrice": 8.40403144445571e-10,
  "portfolioValue": 240.34513136864743,
  "profit": 38.408844368647436,
  "valuation": 840.403144445571,
  "nasdaqPE": 31.880459,
  "adjustedPE": 21.880459,
  "muonPrice": 897.591429,
  "tsmonPrice": 421.707407,
  "googlonPrice": 372.879868,
  "currentMuonValue": 136.86474109392,
  "currentTSMonValue": 53.67009532415302,
  "currentGOOGLonValue": 49.81029495057441
}