{
  "tokenPrice": 9.319712370239735e-10,
  "portfolioValue": 246.87383571915709,
  "profit": 44.93754871915709,
  "valuation": 931.9712370239736,
  "nasdaqPE": 30.739254,
  "adjustedPE": 20.739254,
  "muonPrice": 991.95,
  "tsmonPrice": 416.911429,
  "googlonPrice": 318.616,
  "currentMuonValue": 151.25253600000002,
  "currentTSMonValue": 53.0597181001349,
  "currentGOOGLonValue": 42.56158161902218
}