{
  "tokenPrice": 4.900972689562078e-10,
  "portfolioValue": 225.40533127093818,
  "profit": 23.469044270938184,
  "valuation": 490.0972689562078,
  "nasdaqPE": 30.882711,
  "adjustedPE": 20.882711,
  "muonPrice": 841.675,
  "tsmonPrice": 398.55,
  "googlonPrice": 346.93,
  "currentMuonValue": 128.338604,
  "currentTSMonValue": 50.72288543284038,
  "currentGOOGLonValue": 46.34384183809779
}