{
  "tokenPrice": 5.981898631376984e-10,
  "portfolioValue": 230.5815075912201,
  "profit": 28.645220591220095,
  "valuation": 598.1898631376984,
  "nasdaqPE": 30.882711,
  "adjustedPE": 20.882711,
  "muonPrice": 870.997783,
  "tsmonPrice": 402.611429,
  "googlonPrice": 348.338462,
  "currentMuonValue": 132.80974195184,
  "currentTSMonValue": 51.23977766182197,
  "currentGOOGLonValue": 46.53198797755811
}