{
  "tokenPrice": 1.2381149129975927e-09,
  "portfolioValue": 258.03223937295763,
  "profit": 56.09595237295764,
  "valuation": 1238.1149129975927,
  "nasdaqPE": 32.071377,
  "adjustedPE": 22.071377,
  "muonPrice": 1012.344,
  "tsmonPrice": 441.66,
  "googlonPrice": 355.29,
  "currentMuonValue": 154.36221312,
  "currentTSMonValue": 56.20943314582431,
  "currentGOOGLonValue": 47.46059310713332
}