{
  "tokenPrice": 1.003546544665317e-09,
  "portfolioValue": 247.36233777737488,
  "profit": 45.42605077737488,
  "valuation": 1003.5465446653171,
  "nasdaqPE": 32.091873,
  "adjustedPE": 22.091873,
  "muonPrice": 931.666667,
  "tsmonPrice": 441.024,
  "googlonPrice": 368.111429,
  "currentMuonValue": 142.06053338416,
  "currentTSMonValue": 56.12849034031613,
  "currentGOOGLonValue": 49.173314052898746
}