{
  "tokenPrice": 1.1210767516545041e-09,
  "portfolioValue": 252.9434967533351,
  "profit": 51.007209753335104,
  "valuation": 1121.076751654504,
  "nasdaqPE": 31.97879,
  "adjustedPE": 21.97879,
  "muonPrice": 991.38,
  "tsmonPrice": 421.66,
  "googlonPrice": 360.18,
  "currentMuonValue": 151.1656224,
  "currentTSMonValue": 53.66406190342861,
  "currentGOOGLonValue": 48.1138124499065
}