{
  "tokenPrice": 1.908406088113816e-09,
  "portfolioValue": 289.8013917554058,
  "profit": 87.86510475540581,
  "valuation": 1908.406088113816,
  "nasdaqPE": 31.719727,
  "adjustedPE": 21.719727,
  "muonPrice": 1218.688235,
  "tsmonPrice": 456.512903,
  "googlonPrice": 343.428252,
  "currentMuonValue": 185.82558207280002,
  "currentTSMonValue": 58.09974075393895,
  "currentGOOGLonValue": 45.87606892866685
}