{
  "tokenPrice": 1.1011026144639636e-09,
  "portfolioValue": 252.07447356397068,
  "profit": 50.13818656397069,
  "valuation": 1101.1026144639636,
  "nasdaqPE": 31.961357,
  "adjustedPE": 21.961357,
  "muonPrice": 981.1625,
  "tsmonPrice": 427.85,
  "googlonPrice": 359.44,
  "currentMuonValue": 149.60765800000001,
  "currentTSMonValue": 54.45185430295008,
  "currentGOOGLonValue": 48.014961261020574
}