{
  "tokenPrice": 1.0637853136623338e-09,
  "portfolioValue": 250.33682741475138,
  "profit": 48.40054041475139,
  "valuation": 1063.7853136623337,
  "nasdaqPE": 31.97879,
  "adjustedPE": 21.97879,
  "muonPrice": 978.4325,
  "tsmonPrice": 418.95,
  "googlonPrice": 358.0275,
  "currentMuonValue": 149.1913876,
  "currentTSMonValue": 53.31916410008399,
  "currentGOOGLonValue": 47.82627571466738
}