{
  "tokenPrice": 1.2215738849363544e-09,
  "portfolioValue": 256.9435442287437,
  "profit": 55.0072572287437,
  "valuation": 1221.5738849363545,
  "nasdaqPE": 32.207504,
  "adjustedPE": 22.207504,
  "muonPrice": 993.105,
  "tsmonPrice": 449.8225,
  "googlonPrice": 361.324,
  "currentMuonValue": 151.4286504,
  "currentTSMonValue": 57.24826278412706,
  "currentGOOGLonValue": 48.266631044616624
}