{
  "tokenPrice": 4.2171415977053504e-10,
  "portfolioValue": 221.68493268131874,
  "profit": 19.74864568131875,
  "valuation": 421.71415977053505,
  "nasdaqPE": 31.35408,
  "adjustedPE": 21.35408,
  "muonPrice": 813.715704,
  "tsmonPrice": 398.263571,
  "googlonPrice": 351.266552,
  "currentMuonValue": 124.07537054592,
  "currentTSMonValue": 50.68643202586097,
  "currentGOOGLonValue": 46.92313010953781
}